"campaign","date","year","month","block","is_mosaic","parsed","epoch","url","n_las","las_gb","las_scheme","has_chm","has_dtm","chm_mb","has_tiles_shp","metadata_pdf","n_files","total_gb"
"PR_1March2017_FIA15",2017-03-01,2017,3,"FIA15",FALSE,TRUE,"2017_pre","https://glihtdata.gsfc.nasa.gov/files/G-LiHT/PR_1March2017_FIA15/",15,4.384,"lXsY",TRUE,TRUE,51,TRUE,"https://glihtdata.gsfc.nasa.gov/files/G-LiHT/PR_1March2017_FIA15/metadata/PR_1March2017_FIA15_metadata.pdf",30,5.134
"PR_1March2017_FIA16b",2017-03-01,2017,3,"FIA16b",FALSE,TRUE,"2017_pre","https://glihtdata.gsfc.nasa.gov/files/G-LiHT/PR_1March2017_FIA16b/",21,2.008,"lXsY",TRUE,TRUE,42,TRUE,"https://glihtdata.gsfc.nasa.gov/files/G-LiHT/PR_1March2017_FIA16b/metadata/PR_1March2017_FIA16b_metadata.pdf",36,2.502
"PR_1March2017_FIA17",2017-03-01,2017,3,"FIA17",FALSE,TRUE,"2017_pre","https://glihtdata.gsfc.nasa.gov/files/G-LiHT/PR_1March2017_FIA17/",13,4.15,"lXsY",TRUE,TRUE,53,TRUE,"https://glihtdata.gsfc.nasa.gov/files/G-LiHT/PR_1March2017_FIA17/metadata/PR_1March2017_FIA17_metadata.pdf",28,4.738
"PR_2March2017_FIA1",2017-03-02,2017,3,"FIA1",FALSE,TRUE,"2017_pre","https://glihtdata.gsfc.nasa.gov/files/G-LiHT/PR_2March2017_FIA1/",16,3.668,"lXsY",TRUE,TRUE,42,TRUE,"https://glihtdata.gsfc.nasa.gov/files/G-LiHT/PR_2March2017_FIA1/metadata/PR_2March2017_FIA1_metadata.pdf",31,4.193
"PR_2March2017_FIA13",2017-03-02,2017,3,"FIA13",FALSE,TRUE,"2017_pre","https://glihtdata.gsfc.nasa.gov/files/G-LiHT/PR_2March2017_FIA13/",27,8.673,"lXsY",TRUE,TRUE,125,TRUE,"https://glihtdata.gsfc.nasa.gov/files/G-LiHT/PR_2March2017_FIA13/metadata/PR_2March2017_FIA13_metadata.pdf",42,10.145
"PR_2March2017_FIA14",2017-03-02,2017,3,"FIA14",FALSE,TRUE,"2017_pre","https://glihtdata.gsfc.nasa.gov/files/G-LiHT/PR_2March2017_FIA14/",8,1.516,"lXsY",TRUE,TRUE,20,TRUE,"https://glihtdata.gsfc.nasa.gov/files/G-LiHT/PR_2March2017_FIA14/metadata/PR_2March2017_FIA14_metadata.pdf",23,1.869
"PR_2March2017_FIA16",2017-03-02,2017,3,"FIA16",FALSE,TRUE,"2017_pre","https://glihtdata.gsfc.nasa.gov/files/G-LiHT/PR_2March2017_FIA16/",23,6.996,"lXsY",TRUE,TRUE,81,TRUE,"https://glihtdata.gsfc.nasa.gov/files/G-LiHT/PR_2March2017_FIA16/metadata/PR_2March2017_FIA16_metadata.pdf",38,8.002
"PR_2March2017_FIA3_5",2017-03-02,2017,3,"FIA3_5",FALSE,TRUE,"2017_pre","https://glihtdata.gsfc.nasa.gov/files/G-LiHT/PR_2March2017_FIA3_5/",30,7.76,"lXsY",TRUE,TRUE,83,TRUE,"https://glihtdata.gsfc.nasa.gov/files/G-LiHT/PR_2March2017_FIA3_5/metadata/PR_2March2017_FIA3_5_metadata.pdf",45,8.754
"PR_2March2017_FIA37",2017-03-02,2017,3,"FIA37",FALSE,TRUE,"2017_pre","https://glihtdata.gsfc.nasa.gov/files/G-LiHT/PR_2March2017_FIA37/",14,3.893,"lXsY",TRUE,TRUE,46,TRUE,"https://glihtdata.gsfc.nasa.gov/files/G-LiHT/PR_2March2017_FIA37/metadata/PR_2March2017_FIA37_metadata.pdf",29,4.5
"PR_2March2017_FIA38",2017-03-02,2017,3,"FIA38",FALSE,TRUE,"2017_pre","https://glihtdata.gsfc.nasa.gov/files/G-LiHT/PR_2March2017_FIA38/",11,2.365,"lXsY",TRUE,TRUE,30,TRUE,"https://glihtdata.gsfc.nasa.gov/files/G-LiHT/PR_2March2017_FIA38/metadata/PR_2March2017_FIA38_metadata.pdf",26,2.795
"PR_2March2017_FIA4",2017-03-02,2017,3,"FIA4",FALSE,TRUE,"2017_pre","https://glihtdata.gsfc.nasa.gov/files/G-LiHT/PR_2March2017_FIA4/",14,3.511,"lXsY",TRUE,TRUE,40,TRUE,"https://glihtdata.gsfc.nasa.gov/files/G-LiHT/PR_2March2017_FIA4/metadata/PR_2March2017_FIA4_metadata.pdf",29,3.989
"PR_2March2017_fire",2017-03-02,2017,3,"fire",FALSE,TRUE,"2017_pre","https://glihtdata.gsfc.nasa.gov/files/G-LiHT/PR_2March2017_fire/",8,0.518,"lXsY",TRUE,TRUE,12,TRUE,"https://glihtdata.gsfc.nasa.gov/files/G-LiHT/PR_2March2017_fire/metadata/PR_2March2017_fire_metadata.pdf",23,0.69
"PR_3March2017_BG_am",2017-03-03,2017,3,"BG_am",FALSE,TRUE,"2017_pre","https://glihtdata.gsfc.nasa.gov/files/G-LiHT/PR_3March2017_BG_am/",18,5.281,"cXrY",TRUE,TRUE,18,TRUE,"https://glihtdata.gsfc.nasa.gov/files/G-LiHT/PR_3March2017_BG_am/metadata/PR_3March2017_BG_am_metadata.pdf",33,5.553
"PR_3March2017_BG_noon",2017-03-03,2017,3,"BG_noon",FALSE,TRUE,"2017_pre","https://glihtdata.gsfc.nasa.gov/files/G-LiHT/PR_3March2017_BG_noon/",18,5.697,"cXrY",TRUE,TRUE,18,TRUE,"https://glihtdata.gsfc.nasa.gov/files/G-LiHT/PR_3March2017_BG_noon/metadata/PR_3March2017_BG_noon_metadata.pdf",33,5.967
"PR_3March2017_BG_pm",2017-03-03,2017,3,"BG_pm",FALSE,TRUE,"2017_pre","https://glihtdata.gsfc.nasa.gov/files/G-LiHT/PR_3March2017_BG_pm/",17,5.443,"cXrY",TRUE,TRUE,16,TRUE,"https://glihtdata.gsfc.nasa.gov/files/G-LiHT/PR_3March2017_BG_pm/metadata/PR_3March2017_BG_pm_metadata.pdf",32,5.678
"PR_3March2017_BG_south1",2017-03-03,2017,3,"BG_south1",FALSE,TRUE,"2017_pre","https://glihtdata.gsfc.nasa.gov/files/G-LiHT/PR_3March2017_BG_south1/",9,0.563,"lXsY",TRUE,TRUE,10,TRUE,"https://glihtdata.gsfc.nasa.gov/files/G-LiHT/PR_3March2017_BG_south1/metadata/PR_3March2017_BG_south1_metadata.pdf",24,0.708
"PR_3March2017_BG_south2",2017-03-03,2017,3,"BG_south2",FALSE,TRUE,"2017_pre","https://glihtdata.gsfc.nasa.gov/files/G-LiHT/PR_3March2017_BG_south2/",9,0.565,"lXsY",TRUE,TRUE,11,TRUE,"https://glihtdata.gsfc.nasa.gov/files/G-LiHT/PR_3March2017_BG_south2/metadata/PR_3March2017_BG_south2_metadata.pdf",24,0.723
"PR_3March2017_BG_south3",2017-03-03,2017,3,"BG_south3",FALSE,TRUE,"2017_pre","https://glihtdata.gsfc.nasa.gov/files/G-LiHT/PR_3March2017_BG_south3/",8,0.57,"lXsY",TRUE,TRUE,10,TRUE,"https://glihtdata.gsfc.nasa.gov/files/G-LiHT/PR_3March2017_BG_south3/metadata/PR_3March2017_BG_south3_metadata.pdf",23,0.71
"PR_3March2017_BG_south4",2017-03-03,2017,3,"BG_south4",FALSE,TRUE,"2017_pre","https://glihtdata.gsfc.nasa.gov/files/G-LiHT/PR_3March2017_BG_south4/",8,0.52,"lXsY",TRUE,TRUE,9.1,TRUE,"https://glihtdata.gsfc.nasa.gov/files/G-LiHT/PR_3March2017_BG_south4/metadata/PR_3March2017_BG_south4_metadata.pdf",23,0.649
"PR_3March2017_BG_south5",2017-03-03,2017,3,"BG_south5",FALSE,TRUE,"2017_pre","https://glihtdata.gsfc.nasa.gov/files/G-LiHT/PR_3March2017_BG_south5/",9,0.636,"lXsY",TRUE,TRUE,12,TRUE,"https://glihtdata.gsfc.nasa.gov/files/G-LiHT/PR_3March2017_BG_south5/metadata/PR_3March2017_BG_south5_metadata.pdf",24,0.797
"PR_3March2017_BG_south6",2017-03-03,2017,3,"BG_south6",FALSE,TRUE,"2017_pre","https://glihtdata.gsfc.nasa.gov/files/G-LiHT/PR_3March2017_BG_south6/",8,0.581,"lXsY",TRUE,TRUE,11,TRUE,"https://glihtdata.gsfc.nasa.gov/files/G-LiHT/PR_3March2017_BG_south6/metadata/PR_3March2017_BG_south6_metadata.pdf",23,0.728
"PR_3March2017_BG_south7",2017-03-03,2017,3,"BG_south7",FALSE,TRUE,"2017_pre","https://glihtdata.gsfc.nasa.gov/files/G-LiHT/PR_3March2017_BG_south7/",8,0.535,"lXsY",TRUE,TRUE,9.8,TRUE,"https://glihtdata.gsfc.nasa.gov/files/G-LiHT/PR_3March2017_BG_south7/metadata/PR_3March2017_BG_south7_metadata.pdf",23,0.671
"PR_3March2017_BG0_am1",2017-03-03,2017,3,"BG0_am1",FALSE,TRUE,"2017_pre","https://glihtdata.gsfc.nasa.gov/files/G-LiHT/PR_3March2017_BG0_am1/",6,0.392,"lXsY",TRUE,TRUE,8.3,TRUE,"https://glihtdata.gsfc.nasa.gov/files/G-LiHT/PR_3March2017_BG0_am1/metadata/PR_3March2017_BG0_am1_metadata.pdf",21,0.507
"PR_3March2017_BG0_am2",2017-03-03,2017,3,"BG0_am2",FALSE,TRUE,"2017_pre","https://glihtdata.gsfc.nasa.gov/files/G-LiHT/PR_3March2017_BG0_am2/",6,0.396,"lXsY",TRUE,TRUE,6.8,TRUE,"https://glihtdata.gsfc.nasa.gov/files/G-LiHT/PR_3March2017_BG0_am2/metadata/PR_3March2017_BG0_am2_metadata.pdf",21,0.491
"PR_3March2017_BG0_noon1",2017-03-03,2017,3,"BG0_noon1",FALSE,TRUE,"2017_pre","https://glihtdata.gsfc.nasa.gov/files/G-LiHT/PR_3March2017_BG0_noon1/",6,0.426,"lXsY",TRUE,TRUE,7.4,TRUE,"https://glihtdata.gsfc.nasa.gov/files/G-LiHT/PR_3March2017_BG0_noon1/metadata/PR_3March2017_BG0_noon1_metadata.pdf",21,0.525
"PR_3March2017_BG0_noon2",2017-03-03,2017,3,"BG0_noon2",FALSE,TRUE,"2017_pre","https://glihtdata.gsfc.nasa.gov/files/G-LiHT/PR_3March2017_BG0_noon2/",6,0.453,"lXsY",TRUE,TRUE,7.6,TRUE,"https://glihtdata.gsfc.nasa.gov/files/G-LiHT/PR_3March2017_BG0_noon2/metadata/PR_3March2017_BG0_noon2_metadata.pdf",21,0.557
"PR_3March2017_BG0_noon3",2017-03-03,2017,3,"BG0_noon3",FALSE,TRUE,"2017_pre","https://glihtdata.gsfc.nasa.gov/files/G-LiHT/PR_3March2017_BG0_noon3/",6,0.457,"lXsY",TRUE,TRUE,8,TRUE,"https://glihtdata.gsfc.nasa.gov/files/G-LiHT/PR_3March2017_BG0_noon3/metadata/PR_3March2017_BG0_noon3_metadata.pdf",21,0.565
"PR_3March2017_BG0_pm1",2017-03-03,2017,3,"BG0_pm1",FALSE,TRUE,"2017_pre","https://glihtdata.gsfc.nasa.gov/files/G-LiHT/PR_3March2017_BG0_pm1/",6,0.409,"lXsY",TRUE,TRUE,6.2,TRUE,"https://glihtdata.gsfc.nasa.gov/files/G-LiHT/PR_3March2017_BG0_pm1/metadata/PR_3March2017_BG0_pm1_metadata.pdf",21,0.493
"PR_3March2017_BG0_pm2",2017-03-03,2017,3,"BG0_pm2",FALSE,TRUE,"2017_pre","https://glihtdata.gsfc.nasa.gov/files/G-LiHT/PR_3March2017_BG0_pm2/",6,0.42,"lXsY",TRUE,TRUE,8.5,TRUE,"https://glihtdata.gsfc.nasa.gov/files/G-LiHT/PR_3March2017_BG0_pm2/metadata/PR_3March2017_BG0_pm2_metadata.pdf",21,0.537
"PR_5March2017_108",2017-03-05,2017,3,"108",FALSE,TRUE,"2017_pre","https://glihtdata.gsfc.nasa.gov/files/G-LiHT/PR_5March2017_108/",10,0.641,"lXsY",TRUE,TRUE,11,TRUE,"https://glihtdata.gsfc.nasa.gov/files/G-LiHT/PR_5March2017_108/metadata/PR_5March2017_108_metadata.pdf",25,0.821
"PR_5March2017_119a",2017-03-05,2017,3,"119a",FALSE,TRUE,"2017_pre","https://glihtdata.gsfc.nasa.gov/files/G-LiHT/PR_5March2017_119a/",10,0.463,"lXsY",TRUE,TRUE,11,TRUE,"https://glihtdata.gsfc.nasa.gov/files/G-LiHT/PR_5March2017_119a/metadata/PR_5March2017_119a_metadata.pdf",25,0.633
"PR_5March2017_119b",2017-03-05,2017,3,"119b",FALSE,TRUE,"2017_pre","https://glihtdata.gsfc.nasa.gov/files/G-LiHT/PR_5March2017_119b/",6,0.23,"lXsY",TRUE,TRUE,4.7,TRUE,"https://glihtdata.gsfc.nasa.gov/files/G-LiHT/PR_5March2017_119b/metadata/PR_5March2017_119b_metadata.pdf",21,0.315
"PR_5March2017_130",2017-03-05,2017,3,"130",FALSE,TRUE,"2017_pre","https://glihtdata.gsfc.nasa.gov/files/G-LiHT/PR_5March2017_130/",9,0.725,"lXsY",TRUE,TRUE,13,TRUE,"https://glihtdata.gsfc.nasa.gov/files/G-LiHT/PR_5March2017_130/metadata/PR_5March2017_130_metadata.pdf",24,0.962
"PR_5March2017_59",2017-03-05,2017,3,"59",FALSE,TRUE,"2017_pre","https://glihtdata.gsfc.nasa.gov/files/G-LiHT/PR_5March2017_59/",22,1.278,"lXsY",TRUE,TRUE,24,TRUE,"https://glihtdata.gsfc.nasa.gov/files/G-LiHT/PR_5March2017_59/metadata/PR_5March2017_59_metadata.pdf",37,1.697
"PR_5March2017_BG0_am",2017-03-05,2017,3,"BG0_am",FALSE,TRUE,"2017_pre","https://glihtdata.gsfc.nasa.gov/files/G-LiHT/PR_5March2017_BG0_am/",6,0.37,"lXsY",TRUE,TRUE,6.9,TRUE,"https://glihtdata.gsfc.nasa.gov/files/G-LiHT/PR_5March2017_BG0_am/metadata/PR_5March2017_BG0_am_metadata.pdf",21,0.466
"PR_5March2017_BG0_noon",2017-03-05,2017,3,"BG0_noon",FALSE,TRUE,"2017_pre","https://glihtdata.gsfc.nasa.gov/files/G-LiHT/PR_5March2017_BG0_noon/",6,0.454,"lXsY",TRUE,TRUE,9.1,TRUE,"https://glihtdata.gsfc.nasa.gov/files/G-LiHT/PR_5March2017_BG0_noon/metadata/PR_5March2017_BG0_noon_metadata.pdf",21,0.58
"PR_5March2017_EV1",2017-03-05,2017,3,"EV1",FALSE,TRUE,"2017_pre","https://glihtdata.gsfc.nasa.gov/files/G-LiHT/PR_5March2017_EV1/",24,5.789,"cXrY",TRUE,TRUE,29,TRUE,"https://glihtdata.gsfc.nasa.gov/files/G-LiHT/PR_5March2017_EV1/metadata/PR_5March2017_EV1_metadata.pdf",39,6.142
"PR_5March2017_EV2",2017-03-05,2017,3,"EV2",FALSE,TRUE,"2017_pre","https://glihtdata.gsfc.nasa.gov/files/G-LiHT/PR_5March2017_EV2/",34,6.596,"cXrY",TRUE,TRUE,38,TRUE,"https://glihtdata.gsfc.nasa.gov/files/G-LiHT/PR_5March2017_EV2/metadata/PR_5March2017_EV2_metadata.pdf",49,7.041
"PR_5March2017_fort",2017-03-05,2017,3,"fort",FALSE,TRUE,"2017_pre","https://glihtdata.gsfc.nasa.gov/files/G-LiHT/PR_5March2017_fort/",3,0.025,"lXsY",TRUE,TRUE,0.3,TRUE,"https://glihtdata.gsfc.nasa.gov/files/G-LiHT/PR_5March2017_fort/metadata/PR_5March2017_fort_metadata.pdf",18,0.046
"PR_8March2017_114",2017-03-08,2017,3,"114",FALSE,TRUE,"2017_pre","https://glihtdata.gsfc.nasa.gov/files/G-LiHT/PR_8March2017_114/",4,0.172,"lXsY",TRUE,TRUE,2.6,TRUE,"https://glihtdata.gsfc.nasa.gov/files/G-LiHT/PR_8March2017_114/metadata/PR_8March2017_114_metadata.pdf",19,0.214
"PR_8March2017_115",2017-03-08,2017,3,"115",FALSE,TRUE,"2017_pre","https://glihtdata.gsfc.nasa.gov/files/G-LiHT/PR_8March2017_115/",7,0.378,"lXsY",TRUE,TRUE,5.7,TRUE,"https://glihtdata.gsfc.nasa.gov/files/G-LiHT/PR_8March2017_115/metadata/PR_8March2017_115_metadata.pdf",22,0.462
"PR_8March2017_131",2017-03-08,2017,3,"131",FALSE,TRUE,"2017_pre","https://glihtdata.gsfc.nasa.gov/files/G-LiHT/PR_8March2017_131/",5,0.05,"lXsY",TRUE,TRUE,0.9,TRUE,"https://glihtdata.gsfc.nasa.gov/files/G-LiHT/PR_8March2017_131/metadata/PR_8March2017_131_metadata.pdf",20,0.086
"PR_8March2017_43",2017-03-08,2017,3,"43",FALSE,TRUE,"2017_pre","https://glihtdata.gsfc.nasa.gov/files/G-LiHT/PR_8March2017_43/",12,0.746,"lXsY",TRUE,TRUE,13,TRUE,"https://glihtdata.gsfc.nasa.gov/files/G-LiHT/PR_8March2017_43/metadata/PR_8March2017_43_metadata.pdf",27,0.949
"PR_8March2017_44",2017-03-08,2017,3,"44",FALSE,TRUE,"2017_pre","https://glihtdata.gsfc.nasa.gov/files/G-LiHT/PR_8March2017_44/",6,0.482,"lXsY",TRUE,TRUE,5.9,TRUE,"https://glihtdata.gsfc.nasa.gov/files/G-LiHT/PR_8March2017_44/metadata/PR_8March2017_44_metadata.pdf",21,0.567
"PR_8March2017_45_46",2017-03-08,2017,3,"45_46",FALSE,TRUE,"2017_pre","https://glihtdata.gsfc.nasa.gov/files/G-LiHT/PR_8March2017_45_46/",13,1.209,"lXsY",TRUE,TRUE,22,TRUE,"https://glihtdata.gsfc.nasa.gov/files/G-LiHT/PR_8March2017_45_46/metadata/PR_8March2017_45_46_metadata.pdf",28,1.469
"PR_8March2017_54",2017-03-08,2017,3,"54",FALSE,TRUE,"2017_pre","https://glihtdata.gsfc.nasa.gov/files/G-LiHT/PR_8March2017_54/",4,0.236,"lXsY",TRUE,TRUE,3.1,TRUE,"https://glihtdata.gsfc.nasa.gov/files/G-LiHT/PR_8March2017_54/metadata/PR_8March2017_54_metadata.pdf",19,0.29
"PR_8March2017_55",2017-03-08,2017,3,"55",FALSE,TRUE,"2017_pre","https://glihtdata.gsfc.nasa.gov/files/G-LiHT/PR_8March2017_55/",3,0.202,"lXsY",TRUE,TRUE,3.2,TRUE,"https://glihtdata.gsfc.nasa.gov/files/G-LiHT/PR_8March2017_55/metadata/PR_8March2017_55_metadata.pdf",18,0.245
"PR_8March2017_71",2017-03-08,2017,3,"71",FALSE,TRUE,"2017_pre","https://glihtdata.gsfc.nasa.gov/files/G-LiHT/PR_8March2017_71/",3,0.19,"lXsY",TRUE,TRUE,2.7,TRUE,"https://glihtdata.gsfc.nasa.gov/files/G-LiHT/PR_8March2017_71/metadata/PR_8March2017_71_metadata.pdf",18,0.229
"PR_8March2017_80",2017-03-08,2017,3,"80",FALSE,TRUE,"2017_pre","https://glihtdata.gsfc.nasa.gov/files/G-LiHT/PR_8March2017_80/",4,0.3,"lXsY",TRUE,TRUE,3.8,TRUE,"https://glihtdata.gsfc.nasa.gov/files/G-LiHT/PR_8March2017_80/metadata/PR_8March2017_80_metadata.pdf",19,0.356
"PR_8March2017_extra",2017-03-08,2017,3,"extra",FALSE,TRUE,"2017_pre","https://glihtdata.gsfc.nasa.gov/files/G-LiHT/PR_8March2017_extra/",19,0.964,"lXsY",TRUE,TRUE,10,TRUE,"https://glihtdata.gsfc.nasa.gov/files/G-LiHT/PR_8March2017_extra/metadata/PR_8March2017_extra_metadata.pdf",34,1.208
"PR_8March2017_FIA22",2017-03-08,2017,3,"FIA22",FALSE,TRUE,"2017_pre","https://glihtdata.gsfc.nasa.gov/files/G-LiHT/PR_8March2017_FIA22/",22,4.159,"lXsY",TRUE,TRUE,58,TRUE,"https://glihtdata.gsfc.nasa.gov/files/G-LiHT/PR_8March2017_FIA22/metadata/PR_8March2017_FIA22_metadata.pdf",37,4.93
"PR_8March2017_FIA41",2017-03-08,2017,3,"FIA41",FALSE,TRUE,"2017_pre","https://glihtdata.gsfc.nasa.gov/files/G-LiHT/PR_8March2017_FIA41/",9,1.993,"lXsY",TRUE,TRUE,21,TRUE,"https://glihtdata.gsfc.nasa.gov/files/G-LiHT/PR_8March2017_FIA41/metadata/PR_8March2017_FIA41_metadata.pdf",24,2.264
"PR_8March2017_FIA6",2017-03-08,2017,3,"FIA6",FALSE,TRUE,"2017_pre","https://glihtdata.gsfc.nasa.gov/files/G-LiHT/PR_8March2017_FIA6/",14,3.043,"lXsY",TRUE,TRUE,51,TRUE,"https://glihtdata.gsfc.nasa.gov/files/G-LiHT/PR_8March2017_FIA6/metadata/PR_8March2017_FIA6_metadata.pdf",29,3.618
"PR_8March2017_FIA8_10",2017-03-08,2017,3,"FIA8_10",FALSE,TRUE,"2017_pre","https://glihtdata.gsfc.nasa.gov/files/G-LiHT/PR_8March2017_FIA8_10/",39,8.625,"lXsY",TRUE,TRUE,107,TRUE,"https://glihtdata.gsfc.nasa.gov/files/G-LiHT/PR_8March2017_FIA8_10/metadata/PR_8March2017_FIA8_10_metadata.pdf",54,10.071
"PR_8March2017_FIA9",2017-03-08,2017,3,"FIA9",FALSE,TRUE,"2017_pre","https://glihtdata.gsfc.nasa.gov/files/G-LiHT/PR_8March2017_FIA9/",10,1.476,"lXsY",TRUE,TRUE,8.3,TRUE,"https://glihtdata.gsfc.nasa.gov/files/G-LiHT/PR_8March2017_FIA9/metadata/PR_8March2017_FIA9_metadata.pdf",25,1.74
"PR_9March2017_fort",2017-03-09,2017,3,"fort",FALSE,TRUE,"2017_pre","https://glihtdata.gsfc.nasa.gov/files/G-LiHT/PR_9March2017_fort/",5,0.069,"lXsY",TRUE,TRUE,0.8,TRUE,"https://glihtdata.gsfc.nasa.gov/files/G-LiHT/PR_9March2017_fort/metadata/PR_9March2017_fort_metadata.pdf",20,0.125
"PR_9March2017_harbor",2017-03-09,2017,3,"harbor",FALSE,TRUE,"2017_pre","https://glihtdata.gsfc.nasa.gov/files/G-LiHT/PR_9March2017_harbor/",5,0.192,"lXsY",TRUE,TRUE,1.8,TRUE,"https://glihtdata.gsfc.nasa.gov/files/G-LiHT/PR_9March2017_harbor/metadata/PR_9March2017_harbor_metadata.pdf",20,0.231
"PR_10March2017_109",2017-03-10,2017,3,"109",FALSE,TRUE,"2017_pre","https://glihtdata.gsfc.nasa.gov/files/G-LiHT/PR_10March2017_109/",10,0.763,"lXsY",TRUE,TRUE,17,TRUE,"https://glihtdata.gsfc.nasa.gov/files/G-LiHT/PR_10March2017_109/metadata/PR_10March2017_109_metadata.pdf",25,0.994
"PR_10March2017_110",2017-03-10,2017,3,"110",FALSE,TRUE,"2017_pre","https://glihtdata.gsfc.nasa.gov/files/G-LiHT/PR_10March2017_110/",15,1.315,"lXsY",TRUE,TRUE,30,TRUE,"https://glihtdata.gsfc.nasa.gov/files/G-LiHT/PR_10March2017_110/metadata/PR_10March2017_110_metadata.pdf",30,1.719
"PR_10March2017_111",2017-03-10,2017,3,"111",FALSE,TRUE,"2017_pre","https://glihtdata.gsfc.nasa.gov/files/G-LiHT/PR_10March2017_111/",8,0.634,"lXsY",TRUE,TRUE,13,TRUE,"https://glihtdata.gsfc.nasa.gov/files/G-LiHT/PR_10March2017_111/metadata/PR_10March2017_111_metadata.pdf",23,0.801
"PR_10March2017_116",2017-03-10,2017,3,"116",FALSE,TRUE,"2017_pre","https://glihtdata.gsfc.nasa.gov/files/G-LiHT/PR_10March2017_116/",4,0.222,"lXsY",TRUE,TRUE,3.7,TRUE,"https://glihtdata.gsfc.nasa.gov/files/G-LiHT/PR_10March2017_116/metadata/PR_10March2017_116_metadata.pdf",19,0.28
"PR_10March2017_117",2017-03-10,2017,3,"117",FALSE,TRUE,"2017_pre","https://glihtdata.gsfc.nasa.gov/files/G-LiHT/PR_10March2017_117/",5,0.397,"lXsY",TRUE,TRUE,7.5,TRUE,"https://glihtdata.gsfc.nasa.gov/files/G-LiHT/PR_10March2017_117/metadata/PR_10March2017_117_metadata.pdf",20,0.506
"PR_10March2017_118",2017-03-10,2017,3,"118",FALSE,TRUE,"2017_pre","https://glihtdata.gsfc.nasa.gov/files/G-LiHT/PR_10March2017_118/",8,0.399,"lXsY",TRUE,TRUE,8.7,TRUE,"https://glihtdata.gsfc.nasa.gov/files/G-LiHT/PR_10March2017_118/metadata/PR_10March2017_118_metadata.pdf",23,0.526
"PR_10March2017_59",2017-03-10,2017,3,"59",FALSE,TRUE,"2017_pre","https://glihtdata.gsfc.nasa.gov/files/G-LiHT/PR_10March2017_59/",10,0.411,"lXsY",TRUE,TRUE,5.9,TRUE,"https://glihtdata.gsfc.nasa.gov/files/G-LiHT/PR_10March2017_59/metadata/PR_10March2017_59_metadata.pdf",25,0.512
"PR_10March2017_FIA31",2017-03-10,2017,3,"FIA31",FALSE,TRUE,"2017_pre","https://glihtdata.gsfc.nasa.gov/files/G-LiHT/PR_10March2017_FIA31/",20,4.167,"lXsY",TRUE,TRUE,56,TRUE,"https://glihtdata.gsfc.nasa.gov/files/G-LiHT/PR_10March2017_FIA31/metadata/PR_10March2017_FIA31_metadata.pdf",35,4.906
"PR_10March2017_RioGrande",2017-03-10,2017,3,"RioGrande",FALSE,TRUE,"2017_pre","https://glihtdata.gsfc.nasa.gov/files/G-LiHT/PR_10March2017_RioGrande/",3,0.143,"lXsY",TRUE,TRUE,3.2,TRUE,"https://glihtdata.gsfc.nasa.gov/files/G-LiHT/PR_10March2017_RioGrande/metadata/PR_10March2017_RioGrande_metadata.pdf",18,0.199
"PR_11March2017_BG0_am1",2017-03-11,2017,3,"BG0_am1",FALSE,TRUE,"2017_pre","https://glihtdata.gsfc.nasa.gov/files/G-LiHT/PR_11March2017_BG0_am1/",6,0.468,"lXsY",TRUE,TRUE,8.3,TRUE,"https://glihtdata.gsfc.nasa.gov/files/G-LiHT/PR_11March2017_BG0_am1/metadata/PR_11March2017_BG0_am1_metadata.pdf",21,0.582
"PR_11March2017_BG0_am2",2017-03-11,2017,3,"BG0_am2",FALSE,TRUE,"2017_pre","https://glihtdata.gsfc.nasa.gov/files/G-LiHT/PR_11March2017_BG0_am2/",6,0.414,"lXsY",TRUE,TRUE,8.5,TRUE,"https://glihtdata.gsfc.nasa.gov/files/G-LiHT/PR_11March2017_BG0_am2/metadata/PR_11March2017_BG0_am2_metadata.pdf",21,0.532
"PR_11March2017_BG0_am3",2017-03-11,2017,3,"BG0_am3",FALSE,TRUE,"2017_pre","https://glihtdata.gsfc.nasa.gov/files/G-LiHT/PR_11March2017_BG0_am3/",6,0.388,"lXsY",TRUE,TRUE,7,TRUE,"https://glihtdata.gsfc.nasa.gov/files/G-LiHT/PR_11March2017_BG0_am3/metadata/PR_11March2017_BG0_am3_metadata.pdf",21,0.485
"PR_11March2017_BG0_am4",2017-03-11,2017,3,"BG0_am4",FALSE,TRUE,"2017_pre","https://glihtdata.gsfc.nasa.gov/files/G-LiHT/PR_11March2017_BG0_am4/",6,0.431,"lXsY",TRUE,TRUE,9.3,TRUE,"https://glihtdata.gsfc.nasa.gov/files/G-LiHT/PR_11March2017_BG0_am4/metadata/PR_11March2017_BG0_am4_metadata.pdf",21,0.561
"PR_11March2017_BG0_noon1",2017-03-11,2017,3,"BG0_noon1",FALSE,TRUE,"2017_pre","https://glihtdata.gsfc.nasa.gov/files/G-LiHT/PR_11March2017_BG0_noon1/",6,0.39,"lXsY",TRUE,TRUE,7.4,TRUE,"https://glihtdata.gsfc.nasa.gov/files/G-LiHT/PR_11March2017_BG0_noon1/metadata/PR_11March2017_BG0_noon1_metadata.pdf",21,0.494
"PR_11March2017_BG0_noon2",2017-03-11,2017,3,"BG0_noon2",FALSE,TRUE,"2017_pre","https://glihtdata.gsfc.nasa.gov/files/G-LiHT/PR_11March2017_BG0_noon2/",6,0.431,"lXsY",TRUE,TRUE,8.9,TRUE,"https://glihtdata.gsfc.nasa.gov/files/G-LiHT/PR_11March2017_BG0_noon2/metadata/PR_11March2017_BG0_noon2_metadata.pdf",21,0.555
"PR_11March2017_FIA12",2017-03-11,2017,3,"FIA12",FALSE,TRUE,"2017_pre","https://glihtdata.gsfc.nasa.gov/files/G-LiHT/PR_11March2017_FIA12/",23,6.112,"lXsY",TRUE,TRUE,81,TRUE,"https://glihtdata.gsfc.nasa.gov/files/G-LiHT/PR_11March2017_FIA12/metadata/PR_11March2017_FIA12_metadata.pdf",38,7.075
"PR_11March2017_FIA19",2017-03-11,2017,3,"FIA19",FALSE,TRUE,"2017_pre","https://glihtdata.gsfc.nasa.gov/files/G-LiHT/PR_11March2017_FIA19/",15,3.276,"lXsY",TRUE,TRUE,54,TRUE,"https://glihtdata.gsfc.nasa.gov/files/G-LiHT/PR_11March2017_FIA19/metadata/PR_11March2017_FIA19_metadata.pdf",30,3.899
"PR_11March2017_FIA23",2017-03-11,2017,3,"FIA23",FALSE,TRUE,"2017_pre","https://glihtdata.gsfc.nasa.gov/files/G-LiHT/PR_11March2017_FIA23/",28,6.366,"lXsY",TRUE,TRUE,99,TRUE,"https://glihtdata.gsfc.nasa.gov/files/G-LiHT/PR_11March2017_FIA23/metadata/PR_11March2017_FIA23_metadata.pdf",43,7.546
"PR_11March2017_FIA25",2017-03-11,2017,3,"FIA25",FALSE,TRUE,"2017_pre","https://glihtdata.gsfc.nasa.gov/files/G-LiHT/PR_11March2017_FIA25/",40,7.854,"lXsY",TRUE,TRUE,103,TRUE,"https://glihtdata.gsfc.nasa.gov/files/G-LiHT/PR_11March2017_FIA25/metadata/PR_11March2017_FIA25_metadata.pdf",55,9.299
"PR_11March2017_FIA30",2017-03-11,2017,3,"FIA30",FALSE,TRUE,"2017_pre","https://glihtdata.gsfc.nasa.gov/files/G-LiHT/PR_11March2017_FIA30/",17,2.596,"lXsY",TRUE,TRUE,52,TRUE,"https://glihtdata.gsfc.nasa.gov/files/G-LiHT/PR_11March2017_FIA30/metadata/PR_11March2017_FIA30_metadata.pdf",32,3.189
"PR_11March2017_mtn_transit",2017-03-11,2017,3,"mtn_transit",FALSE,TRUE,"2017_pre","https://glihtdata.gsfc.nasa.gov/files/G-LiHT/PR_11March2017_mtn_transit/",12,0.56,"lXsY",TRUE,TRUE,17,TRUE,"https://glihtdata.gsfc.nasa.gov/files/G-LiHT/PR_11March2017_mtn_transit/metadata/PR_11March2017_mtn_transit_metadata.pdf",27,0.857
"PR_12March2017_113",2017-03-12,2017,3,"113",FALSE,TRUE,"2017_pre","https://glihtdata.gsfc.nasa.gov/files/G-LiHT/PR_12March2017_113/",4,0.196,"lXsY",TRUE,TRUE,2.7,TRUE,"https://glihtdata.gsfc.nasa.gov/files/G-LiHT/PR_12March2017_113/metadata/PR_12March2017_113_metadata.pdf",19,0.254
"PR_12March2017_47",2017-03-12,2017,3,"47",FALSE,TRUE,"2017_pre","https://glihtdata.gsfc.nasa.gov/files/G-LiHT/PR_12March2017_47/",19,1.405,"lXsY",TRUE,TRUE,26,TRUE,"https://glihtdata.gsfc.nasa.gov/files/G-LiHT/PR_12March2017_47/metadata/PR_12March2017_47_metadata.pdf",34,1.794
"PR_12March2017_48",2017-03-12,2017,3,"48",FALSE,TRUE,"2017_pre","https://glihtdata.gsfc.nasa.gov/files/G-LiHT/PR_12March2017_48/",16,1.259,"lXsY",TRUE,TRUE,21,TRUE,"https://glihtdata.gsfc.nasa.gov/files/G-LiHT/PR_12March2017_48/metadata/PR_12March2017_48_metadata.pdf",31,1.571
"PR_12March2017_49",2017-03-12,2017,3,"49",FALSE,TRUE,"2017_pre","https://glihtdata.gsfc.nasa.gov/files/G-LiHT/PR_12March2017_49/",13,0.883,"lXsY",TRUE,TRUE,15,TRUE,"https://glihtdata.gsfc.nasa.gov/files/G-LiHT/PR_12March2017_49/metadata/PR_12March2017_49_metadata.pdf",28,1.124
"PR_12March2017_57",2017-03-12,2017,3,"57",FALSE,TRUE,"2017_pre","https://glihtdata.gsfc.nasa.gov/files/G-LiHT/PR_12March2017_57/",4,0.15,"lXsY",TRUE,TRUE,1.4,TRUE,"https://glihtdata.gsfc.nasa.gov/files/G-LiHT/PR_12March2017_57/metadata/PR_12March2017_57_metadata.pdf",19,0.203
"PR_12March2017_58a",2017-03-12,2017,3,"58a",FALSE,TRUE,"2017_pre","https://glihtdata.gsfc.nasa.gov/files/G-LiHT/PR_12March2017_58a/",4,0.168,"lXsY",TRUE,TRUE,2.7,TRUE,"https://glihtdata.gsfc.nasa.gov/files/G-LiHT/PR_12March2017_58a/metadata/PR_12March2017_58a_metadata.pdf",19,0.222
"PR_12March2017_58b",2017-03-12,2017,3,"58b",FALSE,TRUE,"2017_pre","https://glihtdata.gsfc.nasa.gov/files/G-LiHT/PR_12March2017_58b/",5,0.354,"lXsY",TRUE,TRUE,6,TRUE,"https://glihtdata.gsfc.nasa.gov/files/G-LiHT/PR_12March2017_58b/metadata/PR_12March2017_58b_metadata.pdf",20,0.444
"PR_12March2017_66",2017-03-12,2017,3,"66",FALSE,TRUE,"2017_pre","https://glihtdata.gsfc.nasa.gov/files/G-LiHT/PR_12March2017_66/",7,0.45,"lXsY",TRUE,TRUE,8.3,TRUE,"https://glihtdata.gsfc.nasa.gov/files/G-LiHT/PR_12March2017_66/metadata/PR_12March2017_66_metadata.pdf",22,0.574
"PR_12March2017_67",2017-03-12,2017,3,"67",FALSE,TRUE,"2017_pre","https://glihtdata.gsfc.nasa.gov/files/G-LiHT/PR_12March2017_67/",7,0.515,"lXsY",TRUE,TRUE,8.6,TRUE,"https://glihtdata.gsfc.nasa.gov/files/G-LiHT/PR_12March2017_67/metadata/PR_12March2017_67_metadata.pdf",22,0.647
"PR_12March2017_68",2017-03-12,2017,3,"68",FALSE,TRUE,"2017_pre","https://glihtdata.gsfc.nasa.gov/files/G-LiHT/PR_12March2017_68/",7,0.597,"lXsY",TRUE,TRUE,11,TRUE,"https://glihtdata.gsfc.nasa.gov/files/G-LiHT/PR_12March2017_68/metadata/PR_12March2017_68_metadata.pdf",22,0.754
"PR_12March2017_Arroyo",2017-03-12,2017,3,"Arroyo",FALSE,TRUE,"2017_pre","https://glihtdata.gsfc.nasa.gov/files/G-LiHT/PR_12March2017_Arroyo/",2,0.045,"lXsY",TRUE,TRUE,0.9,TRUE,"https://glihtdata.gsfc.nasa.gov/files/G-LiHT/PR_12March2017_Arroyo/metadata/PR_12March2017_Arroyo_metadata.pdf",17,0.066
"PR_12March2017_FIA18",2017-03-12,2017,3,"FIA18",FALSE,TRUE,"2017_pre","https://glihtdata.gsfc.nasa.gov/files/G-LiHT/PR_12March2017_FIA18/",35,8.337,"lXsY",TRUE,TRUE,125,TRUE,"https://glihtdata.gsfc.nasa.gov/files/G-LiHT/PR_12March2017_FIA18/metadata/PR_12March2017_FIA18_metadata.pdf",50,9.743
"PR_12March2017_FIA20",2017-03-12,2017,3,"FIA20",FALSE,TRUE,"2017_pre","https://glihtdata.gsfc.nasa.gov/files/G-LiHT/PR_12March2017_FIA20/",11,1.75,"lXsY",TRUE,TRUE,24,TRUE,"https://glihtdata.gsfc.nasa.gov/files/G-LiHT/PR_12March2017_FIA20/metadata/PR_12March2017_FIA20_metadata.pdf",26,2.028
"PR_12March2017_FIA21",2017-03-12,2017,3,"FIA21",FALSE,TRUE,"2017_pre","https://glihtdata.gsfc.nasa.gov/files/G-LiHT/PR_12March2017_FIA21/",18,4.029,"lXsY",TRUE,TRUE,57,TRUE,"https://glihtdata.gsfc.nasa.gov/files/G-LiHT/PR_12March2017_FIA21/metadata/PR_12March2017_FIA21_metadata.pdf",33,4.727
"PR_12March2017_FIA27",2017-03-12,2017,3,"FIA27",FALSE,TRUE,"2017_pre","https://glihtdata.gsfc.nasa.gov/files/G-LiHT/PR_12March2017_FIA27/",21,4.377,"lXsY",TRUE,TRUE,63,TRUE,"https://glihtdata.gsfc.nasa.gov/files/G-LiHT/PR_12March2017_FIA27/metadata/PR_12March2017_FIA27_metadata.pdf",36,5.227
"PR_12March2017_FIA29",2017-03-12,2017,3,"FIA29",FALSE,TRUE,"2017_pre","https://glihtdata.gsfc.nasa.gov/files/G-LiHT/PR_12March2017_FIA29/",8,1.935,"lXsY",TRUE,TRUE,29,TRUE,"https://glihtdata.gsfc.nasa.gov/files/G-LiHT/PR_12March2017_FIA29/metadata/PR_12March2017_FIA29_metadata.pdf",23,2.315
"PR_12March2017_Guayama",2017-03-12,2017,3,"Guayama",FALSE,TRUE,"2017_pre","https://glihtdata.gsfc.nasa.gov/files/G-LiHT/PR_12March2017_Guayama/",2,0.064,"lXsY",TRUE,TRUE,1.6,TRUE,"https://glihtdata.gsfc.nasa.gov/files/G-LiHT/PR_12March2017_Guayama/metadata/PR_12March2017_Guayama_metadata.pdf",17,0.091
"PR_13March2017_BG0_long_am",2017-03-13,2017,3,"BG0_long_am",FALSE,TRUE,"2017_pre","https://glihtdata.gsfc.nasa.gov/files/G-LiHT/PR_13March2017_BG0_long_am/",41,2.537,"lXsY",TRUE,TRUE,47,TRUE,"https://glihtdata.gsfc.nasa.gov/files/G-LiHT/PR_13March2017_BG0_long_am/metadata/PR_13March2017_BG0_long_am_metadata.pdf",56,3.336
"PR_13March2017_BG0_long_noon_east",2017-03-13,2017,3,"BG0_long_noon_east",FALSE,TRUE,"2017_pre","https://glihtdata.gsfc.nasa.gov/files/G-LiHT/PR_13March2017_BG0_long_noon_east/",9,0.558,"lXsY",TRUE,TRUE,11,TRUE,"https://glihtdata.gsfc.nasa.gov/files/G-LiHT/PR_13March2017_BG0_long_noon_east/metadata/PR_13March2017_BG0_long_noon_east_metadata.pdf",24,0.717
"PR_13March2017_BG0_long_noon_west",2017-03-13,2017,3,"BG0_long_noon_west",FALSE,TRUE,"2017_pre","https://glihtdata.gsfc.nasa.gov/files/G-LiHT/PR_13March2017_BG0_long_noon_west/",8,0.306,"lXsY",TRUE,TRUE,7.5,TRUE,"https://glihtdata.gsfc.nasa.gov/files/G-LiHT/PR_13March2017_BG0_long_noon_west/metadata/PR_13March2017_BG0_long_noon_west_metadata.pdf",23,0.43
"PR_13March2017_FIA26",2017-03-13,2017,3,"FIA26",FALSE,TRUE,"2017_pre","https://glihtdata.gsfc.nasa.gov/files/G-LiHT/PR_13March2017_FIA26/",31,10.465,"lXsY",TRUE,TRUE,139,TRUE,"https://glihtdata.gsfc.nasa.gov/files/G-LiHT/PR_13March2017_FIA26/metadata/PR_13March2017_FIA26_metadata.pdf",46,12.089
"PR_13March2017_FIA27",2017-03-13,2017,3,"FIA27",FALSE,TRUE,"2017_pre","https://glihtdata.gsfc.nasa.gov/files/G-LiHT/PR_13March2017_FIA27/",18,1.444,"lXsY",TRUE,TRUE,31,TRUE,"https://glihtdata.gsfc.nasa.gov/files/G-LiHT/PR_13March2017_FIA27/metadata/PR_13March2017_FIA27_metadata.pdf",33,1.837
"PR_13March2017_FIA33",2017-03-13,2017,3,"FIA33",FALSE,TRUE,"2017_pre","https://glihtdata.gsfc.nasa.gov/files/G-LiHT/PR_13March2017_FIA33/",18,4.314,"lXsY",TRUE,TRUE,63,TRUE,"https://glihtdata.gsfc.nasa.gov/files/G-LiHT/PR_13March2017_FIA33/metadata/PR_13March2017_FIA33_metadata.pdf",33,5.069
"PR_13March2017_FIA34",2017-03-13,2017,3,"FIA34",FALSE,TRUE,"2017_pre","https://glihtdata.gsfc.nasa.gov/files/G-LiHT/PR_13March2017_FIA34/",22,4.322,"lXsY",TRUE,TRUE,55,TRUE,"https://glihtdata.gsfc.nasa.gov/files/G-LiHT/PR_13March2017_FIA34/metadata/PR_13March2017_FIA34_metadata.pdf",37,5.004
"PR_13March2017_FIA35",2017-03-13,2017,3,"FIA35",FALSE,TRUE,"2017_pre","https://glihtdata.gsfc.nasa.gov/files/G-LiHT/PR_13March2017_FIA35/",20,5.933,"lXsY",TRUE,TRUE,85,TRUE,"https://glihtdata.gsfc.nasa.gov/files/G-LiHT/PR_13March2017_FIA35/metadata/PR_13March2017_FIA35_metadata.pdf",35,6.951
"PR_13March2017_FIA36",2017-03-13,2017,3,"FIA36",FALSE,TRUE,"2017_pre","https://glihtdata.gsfc.nasa.gov/files/G-LiHT/PR_13March2017_FIA36/",19,5.575,"lXsY",TRUE,TRUE,57,TRUE,"https://glihtdata.gsfc.nasa.gov/files/G-LiHT/PR_13March2017_FIA36/metadata/PR_13March2017_FIA36_metadata.pdf",34,6.266
"PR_13March2017_FIA39",2017-03-13,2017,3,"FIA39",FALSE,TRUE,"2017_pre","https://glihtdata.gsfc.nasa.gov/files/G-LiHT/PR_13March2017_FIA39/",13,2.452,"lXsY",TRUE,TRUE,37,TRUE,"https://glihtdata.gsfc.nasa.gov/files/G-LiHT/PR_13March2017_FIA39/metadata/PR_13March2017_FIA39_metadata.pdf",28,2.889
"PR_14March2017_50",2017-03-14,2017,3,"50",FALSE,TRUE,"2017_pre","https://glihtdata.gsfc.nasa.gov/files/G-LiHT/PR_14March2017_50/",9,0.908,"lXsY",TRUE,TRUE,19,TRUE,"https://glihtdata.gsfc.nasa.gov/files/G-LiHT/PR_14March2017_50/metadata/PR_14March2017_50_metadata.pdf",24,1.117
"PR_14March2017_51",2017-03-14,2017,3,"51",FALSE,TRUE,"2017_pre","https://glihtdata.gsfc.nasa.gov/files/G-LiHT/PR_14March2017_51/",6,0.495,"lXsY",TRUE,TRUE,10,TRUE,"https://glihtdata.gsfc.nasa.gov/files/G-LiHT/PR_14March2017_51/metadata/PR_14March2017_51_metadata.pdf",21,0.608
"PR_14March2017_52",2017-03-14,2017,3,"52",FALSE,TRUE,"2017_pre","https://glihtdata.gsfc.nasa.gov/files/G-LiHT/PR_14March2017_52/",5,0.394,"lXsY",TRUE,TRUE,7.6,TRUE,"https://glihtdata.gsfc.nasa.gov/files/G-LiHT/PR_14March2017_52/metadata/PR_14March2017_52_metadata.pdf",20,0.477
"PR_14March2017_56",2017-03-14,2017,3,"56",FALSE,TRUE,"2017_pre","https://glihtdata.gsfc.nasa.gov/files/G-LiHT/PR_14March2017_56/",11,0.958,"lXsY",TRUE,TRUE,23,TRUE,"https://glihtdata.gsfc.nasa.gov/files/G-LiHT/PR_14March2017_56/metadata/PR_14March2017_56_metadata.pdf",26,1.234
"PR_14March2017_FIA11",2017-03-14,2017,3,"FIA11",FALSE,TRUE,"2017_pre","https://glihtdata.gsfc.nasa.gov/files/G-LiHT/PR_14March2017_FIA11/",34,8.011,"lXsY",TRUE,TRUE,108,TRUE,"https://glihtdata.gsfc.nasa.gov/files/G-LiHT/PR_14March2017_FIA11/metadata/PR_14March2017_FIA11_metadata.pdf",49,9.313
"PR_14March2017_FIA18",2017-03-14,2017,3,"FIA18",FALSE,TRUE,"2017_pre","https://glihtdata.gsfc.nasa.gov/files/G-LiHT/PR_14March2017_FIA18/",28,2.32,"lXsY",TRUE,TRUE,53,TRUE,"https://glihtdata.gsfc.nasa.gov/files/G-LiHT/PR_14March2017_FIA18/metadata/PR_14March2017_FIA18_metadata.pdf",43,2.89
"PR_14March2017_FIA2",2017-03-14,2017,3,"FIA2",FALSE,TRUE,"2017_pre","https://glihtdata.gsfc.nasa.gov/files/G-LiHT/PR_14March2017_FIA2/",21,5.639,"lXsY",TRUE,TRUE,86,TRUE,"https://glihtdata.gsfc.nasa.gov/files/G-LiHT/PR_14March2017_FIA2/metadata/PR_14March2017_FIA2_metadata.pdf",36,6.64
"PR_14March2017_FIA24",2017-03-14,2017,3,"FIA24",FALSE,TRUE,"2017_pre","https://glihtdata.gsfc.nasa.gov/files/G-LiHT/PR_14March2017_FIA24/",18,3.896,"lXsY",TRUE,TRUE,64,TRUE,"https://glihtdata.gsfc.nasa.gov/files/G-LiHT/PR_14March2017_FIA24/metadata/PR_14March2017_FIA24_metadata.pdf",33,4.622
"PR_14March2017_FIA6",2017-03-14,2017,3,"FIA6",FALSE,TRUE,"2017_pre","https://glihtdata.gsfc.nasa.gov/files/G-LiHT/PR_14March2017_FIA6/",14,3.511,"lXsY",TRUE,TRUE,61,TRUE,"https://glihtdata.gsfc.nasa.gov/files/G-LiHT/PR_14March2017_FIA6/metadata/PR_14March2017_FIA6_metadata.pdf",29,4.212
"PR_14March2017_FIA7",2017-03-14,2017,3,"FIA7",FALSE,TRUE,"2017_pre","https://glihtdata.gsfc.nasa.gov/files/G-LiHT/PR_14March2017_FIA7/",23,3.998,"lXsY",TRUE,TRUE,56,TRUE,"https://glihtdata.gsfc.nasa.gov/files/G-LiHT/PR_14March2017_FIA7/metadata/PR_14March2017_FIA7_metadata.pdf",38,4.725
"PR_15March2017_112",2017-03-15,2017,3,"112",FALSE,TRUE,"2017_pre","https://glihtdata.gsfc.nasa.gov/files/G-LiHT/PR_15March2017_112/",0,0,"none",FALSE,FALSE,0,FALSE,"",0,0
"PR_15March2017_112_196",2017-03-15,2017,3,"112_196",FALSE,TRUE,"2017_pre","https://glihtdata.gsfc.nasa.gov/files/G-LiHT/PR_15March2017_112_196/",9,0.676,"lXsY",TRUE,TRUE,11,TRUE,"https://glihtdata.gsfc.nasa.gov/files/G-LiHT/PR_15March2017_112_196/metadata/PR_15March2017_112_196_metadata.pdf",24,0.839
"PR_15March2017_53",2017-03-15,2017,3,"53",FALSE,TRUE,"2017_pre","https://glihtdata.gsfc.nasa.gov/files/G-LiHT/PR_15March2017_53/",4,0.152,"lXsY",TRUE,TRUE,2.3,TRUE,"https://glihtdata.gsfc.nasa.gov/files/G-LiHT/PR_15March2017_53/metadata/PR_15March2017_53_metadata.pdf",19,0.199
"PR_15March2017_61",2017-03-15,2017,3,"61",FALSE,TRUE,"2017_pre","https://glihtdata.gsfc.nasa.gov/files/G-LiHT/PR_15March2017_61/",5,0.508,"lXsY",TRUE,TRUE,5,TRUE,"https://glihtdata.gsfc.nasa.gov/files/G-LiHT/PR_15March2017_61/metadata/PR_15March2017_61_metadata.pdf",20,0.56
"PR_15March2017_63_64_70",2017-03-15,2017,3,"63_64_70",FALSE,TRUE,"2017_pre","https://glihtdata.gsfc.nasa.gov/files/G-LiHT/PR_15March2017_63_64_70/",12,2.789,"lXsY",TRUE,TRUE,45,TRUE,"https://glihtdata.gsfc.nasa.gov/files/G-LiHT/PR_15March2017_63_64_70/metadata/PR_15March2017_63_64_70_metadata.pdf",27,3.269
"PR_15March2017_65",2017-03-15,2017,3,"65",FALSE,TRUE,"2017_pre","https://glihtdata.gsfc.nasa.gov/files/G-LiHT/PR_15March2017_65/",10,0.736,"lXsY",TRUE,TRUE,18,TRUE,"https://glihtdata.gsfc.nasa.gov/files/G-LiHT/PR_15March2017_65/metadata/PR_15March2017_65_metadata.pdf",25,0.934
"PR_15March2017_69",2017-03-15,2017,3,"69",FALSE,TRUE,"2017_pre","https://glihtdata.gsfc.nasa.gov/files/G-LiHT/PR_15March2017_69/",6,0.506,"lXsY",TRUE,TRUE,9.7,TRUE,"https://glihtdata.gsfc.nasa.gov/files/G-LiHT/PR_15March2017_69/metadata/PR_15March2017_69_metadata.pdf",21,0.611
"PR_15March2017_75",2017-03-15,2017,3,"75",FALSE,TRUE,"2017_pre","https://glihtdata.gsfc.nasa.gov/files/G-LiHT/PR_15March2017_75/",21,1.614,"lXsY",TRUE,TRUE,36,TRUE,"https://glihtdata.gsfc.nasa.gov/files/G-LiHT/PR_15March2017_75/metadata/PR_15March2017_75_metadata.pdf",36,2.056
"PR_15March2017_BG_north_noon",2017-03-15,2017,3,"BG_north_noon",FALSE,TRUE,"2017_pre","https://glihtdata.gsfc.nasa.gov/files/G-LiHT/PR_15March2017_BG_north_noon/",9,1.666,"cXrY",TRUE,TRUE,7.1,TRUE,"https://glihtdata.gsfc.nasa.gov/files/G-LiHT/PR_15March2017_BG_north_noon/metadata/PR_15March2017_BG_north_noon_metadata.pdf",24,1.787
"PR_15March2017_BG_south_noon",2017-03-15,2017,3,"BG_south_noon",FALSE,TRUE,"2017_pre","https://glihtdata.gsfc.nasa.gov/files/G-LiHT/PR_15March2017_BG_south_noon/",12,1.298,"cXrY",TRUE,TRUE,9,TRUE,"https://glihtdata.gsfc.nasa.gov/files/G-LiHT/PR_15March2017_BG_south_noon/metadata/PR_15March2017_BG_south_noon_metadata.pdf",23,1.441
"PR_15March2017_BG0_am1",2017-03-15,2017,3,"BG0_am1",FALSE,TRUE,"2017_pre","https://glihtdata.gsfc.nasa.gov/files/G-LiHT/PR_15March2017_BG0_am1/",6,0.455,"lXsY",TRUE,TRUE,8.2,TRUE,"https://glihtdata.gsfc.nasa.gov/files/G-LiHT/PR_15March2017_BG0_am1/metadata/PR_15March2017_BG0_am1_metadata.pdf",21,0.568
"PR_15March2017_BG0_am2",2017-03-15,2017,3,"BG0_am2",FALSE,TRUE,"2017_pre","https://glihtdata.gsfc.nasa.gov/files/G-LiHT/PR_15March2017_BG0_am2/",6,0.45,"lXsY",TRUE,TRUE,8.3,TRUE,"https://glihtdata.gsfc.nasa.gov/files/G-LiHT/PR_15March2017_BG0_am2/metadata/PR_15March2017_BG0_am2_metadata.pdf",21,0.566
"PR_15March2017_BG0_am3",2017-03-15,2017,3,"BG0_am3",FALSE,TRUE,"2017_pre","https://glihtdata.gsfc.nasa.gov/files/G-LiHT/PR_15March2017_BG0_am3/",6,0.462,"lXsY",TRUE,TRUE,8.4,TRUE,"https://glihtdata.gsfc.nasa.gov/files/G-LiHT/PR_15March2017_BG0_am3/metadata/PR_15March2017_BG0_am3_metadata.pdf",21,0.578
"PR_15March2017_BG0_noon1",2017-03-15,2017,3,"BG0_noon1",FALSE,TRUE,"2017_pre","https://glihtdata.gsfc.nasa.gov/files/G-LiHT/PR_15March2017_BG0_noon1/",6,0.439,"lXsY",TRUE,TRUE,8.7,TRUE,"https://glihtdata.gsfc.nasa.gov/files/G-LiHT/PR_15March2017_BG0_noon1/metadata/PR_15March2017_BG0_noon1_metadata.pdf",21,0.559
"PR_15March2017_BG0_noon2",2017-03-15,2017,3,"BG0_noon2",FALSE,TRUE,"2017_pre","https://glihtdata.gsfc.nasa.gov/files/G-LiHT/PR_15March2017_BG0_noon2/",6,0.45,"lXsY",TRUE,TRUE,6.7,TRUE,"https://glihtdata.gsfc.nasa.gov/files/G-LiHT/PR_15March2017_BG0_noon2/metadata/PR_15March2017_BG0_noon2_metadata.pdf",21,0.541
"PR_15March2017_EV1",2017-03-15,2017,3,"EV1",FALSE,TRUE,"2017_pre","https://glihtdata.gsfc.nasa.gov/files/G-LiHT/PR_15March2017_EV1/",13,0.707,"cXrY",TRUE,TRUE,6.9,TRUE,"https://glihtdata.gsfc.nasa.gov/files/G-LiHT/PR_15March2017_EV1/metadata/PR_15March2017_EV1_metadata.pdf",28,0.783
"PR_15March2017_EV1_topfill",2017-03-15,2017,3,"EV1_topfill",FALSE,TRUE,"2017_pre","https://glihtdata.gsfc.nasa.gov/files/G-LiHT/PR_15March2017_EV1_topfill/",3,0.51,"lXsY",TRUE,TRUE,6.5,TRUE,"https://glihtdata.gsfc.nasa.gov/files/G-LiHT/PR_15March2017_EV1_topfill/metadata/PR_15March2017_EV1_topfill_metadata.pdf",18,0.581
"PR_15March2017_EV2",2017-03-15,2017,3,"EV2",FALSE,TRUE,"2017_pre","https://glihtdata.gsfc.nasa.gov/files/G-LiHT/PR_15March2017_EV2/",30,3.044,"cXrY",TRUE,TRUE,29,TRUE,"https://glihtdata.gsfc.nasa.gov/files/G-LiHT/PR_15March2017_EV2/metadata/PR_15March2017_EV2_metadata.pdf",45,3.362
"PR_15March2017_FIA28",2017-03-15,2017,3,"FIA28",FALSE,TRUE,"2017_pre","https://glihtdata.gsfc.nasa.gov/files/G-LiHT/PR_15March2017_FIA28/",13,2.27,"lXsY",TRUE,TRUE,30,TRUE,"https://glihtdata.gsfc.nasa.gov/files/G-LiHT/PR_15March2017_FIA28/metadata/PR_15March2017_FIA28_metadata.pdf",28,2.657
"PR_15March2017_FIA32",2017-03-15,2017,3,"FIA32",FALSE,TRUE,"2017_pre","https://glihtdata.gsfc.nasa.gov/files/G-LiHT/PR_15March2017_FIA32/",15,2.641,"lXsY",TRUE,TRUE,43,TRUE,"https://glihtdata.gsfc.nasa.gov/files/G-LiHT/PR_15March2017_FIA32/metadata/PR_15March2017_FIA32_metadata.pdf",30,3.125
"PR_17March2017_197",2017-03-17,2017,3,"197",FALSE,TRUE,"2017_pre","https://glihtdata.gsfc.nasa.gov/files/G-LiHT/PR_17March2017_197/",7,0.568,"lXsY",TRUE,TRUE,10,TRUE,"https://glihtdata.gsfc.nasa.gov/files/G-LiHT/PR_17March2017_197/metadata/PR_17March2017_197_metadata.pdf",22,0.719
"PR_17March2017_198",2017-03-17,2017,3,"198",FALSE,TRUE,"2017_pre","https://glihtdata.gsfc.nasa.gov/files/G-LiHT/PR_17March2017_198/",11,0.653,"lXsY",TRUE,TRUE,10,TRUE,"https://glihtdata.gsfc.nasa.gov/files/G-LiHT/PR_17March2017_198/metadata/PR_17March2017_198_metadata.pdf",26,0.845
"PR_17March2017_199",2017-03-17,2017,3,"199",FALSE,TRUE,"2017_pre","https://glihtdata.gsfc.nasa.gov/files/G-LiHT/PR_17March2017_199/",21,0.856,"lXsY",TRUE,TRUE,17,TRUE,"https://glihtdata.gsfc.nasa.gov/files/G-LiHT/PR_17March2017_199/metadata/PR_17March2017_199_metadata.pdf",36,1.183
"PR_17March2017_60",2017-03-17,2017,3,"60",FALSE,TRUE,"2017_pre","https://glihtdata.gsfc.nasa.gov/files/G-LiHT/PR_17March2017_60/",8,0.4,"lXsY",TRUE,TRUE,11,TRUE,"https://glihtdata.gsfc.nasa.gov/files/G-LiHT/PR_17March2017_60/metadata/PR_17March2017_60_metadata.pdf",23,0.522
"PR_17March2017_61_62",2017-03-17,2017,3,"61_62",FALSE,TRUE,"2017_pre","https://glihtdata.gsfc.nasa.gov/files/G-LiHT/PR_17March2017_61_62/",7,1.001,"lXsY",TRUE,TRUE,24,TRUE,"https://glihtdata.gsfc.nasa.gov/files/G-LiHT/PR_17March2017_61_62/metadata/PR_17March2017_61_62_metadata.pdf",22,1.267
"PR_17March2017_BG_north_high_alt",2017-03-17,2017,3,"BG_north_high_alt",FALSE,TRUE,"2017_pre","https://glihtdata.gsfc.nasa.gov/files/G-LiHT/PR_17March2017_BG_north_high_alt/",9,0.069,"lXsY",TRUE,TRUE,11,TRUE,"https://glihtdata.gsfc.nasa.gov/files/G-LiHT/PR_17March2017_BG_north_high_alt/metadata/PR_17March2017_BG_north_high_alt_metadata.pdf",24,0.245
"PR_17March2017_BG_north_low_alt",2017-03-17,2017,3,"BG_north_low_alt",FALSE,TRUE,"2017_pre","https://glihtdata.gsfc.nasa.gov/files/G-LiHT/PR_17March2017_BG_north_low_alt/",10,1.204,"lXsY",TRUE,TRUE,16,TRUE,"https://glihtdata.gsfc.nasa.gov/files/G-LiHT/PR_17March2017_BG_north_low_alt/metadata/PR_17March2017_BG_north_low_alt_metadata.pdf",25,1.438
"PR_17March2017_BG0_high_alt",2017-03-17,2017,3,"BG0_high_alt",FALSE,TRUE,"2017_pre","https://glihtdata.gsfc.nasa.gov/files/G-LiHT/PR_17March2017_BG0_high_alt/",6,0.041,"lXsY",TRUE,TRUE,15,TRUE,"https://glihtdata.gsfc.nasa.gov/files/G-LiHT/PR_17March2017_BG0_high_alt/metadata/PR_17March2017_BG0_high_alt_metadata.pdf",21,0.244
"PR_17March2017_BG0_low_alt",2017-03-17,2017,3,"BG0_low_alt",FALSE,TRUE,"2017_pre","https://glihtdata.gsfc.nasa.gov/files/G-LiHT/PR_17March2017_BG0_low_alt/",6,0.453,"lXsY",TRUE,TRUE,8.4,TRUE,"https://glihtdata.gsfc.nasa.gov/files/G-LiHT/PR_17March2017_BG0_low_alt/metadata/PR_17March2017_BG0_low_alt_metadata.pdf",21,0.569
"PR_17March2017_EV1_topfill",2017-03-17,2017,3,"EV1_topfill",FALSE,TRUE,"2017_pre","https://glihtdata.gsfc.nasa.gov/files/G-LiHT/PR_17March2017_EV1_topfill/",41,1.939,"cXrY",TRUE,TRUE,29,TRUE,"https://glihtdata.gsfc.nasa.gov/files/G-LiHT/PR_17March2017_EV1_topfill/metadata/PR_17March2017_EV1_topfill_metadata.pdf",56,2.262
"PR_17March2017_EV2",2017-03-17,2017,3,"EV2",FALSE,TRUE,"2017_pre","https://glihtdata.gsfc.nasa.gov/files/G-LiHT/PR_17March2017_EV2/",21,0.799,"cXrY",TRUE,TRUE,15,TRUE,"https://glihtdata.gsfc.nasa.gov/files/G-LiHT/PR_17March2017_EV2/metadata/PR_17March2017_EV2_metadata.pdf",36,0.953
"PR_17March2017_EV3",2017-03-17,2017,3,"EV3",FALSE,TRUE,"2017_pre","https://glihtdata.gsfc.nasa.gov/files/G-LiHT/PR_17March2017_EV3/",17,2.11,"cXrY",TRUE,TRUE,17,TRUE,"https://glihtdata.gsfc.nasa.gov/files/G-LiHT/PR_17March2017_EV3/metadata/PR_17March2017_EV3_metadata.pdf",32,2.303
"PR_17March2017_EV3_bottomfill",2017-03-17,2017,3,"EV3_bottomfill",FALSE,TRUE,"2017_pre","https://glihtdata.gsfc.nasa.gov/files/G-LiHT/PR_17March2017_EV3_bottomfill/",7,0.194,"cXrY",TRUE,TRUE,4.8,TRUE,"https://glihtdata.gsfc.nasa.gov/files/G-LiHT/PR_17March2017_EV3_bottomfill/metadata/PR_17March2017_EV3_bottomfill_metadata.pdf",22,0.242
"PR_17March2017_green_algae",2017-03-17,2017,3,"green_algae",FALSE,TRUE,"2017_pre","https://glihtdata.gsfc.nasa.gov/files/G-LiHT/PR_17March2017_green_algae/",8,0.555,"lXsY",TRUE,TRUE,12,TRUE,"https://glihtdata.gsfc.nasa.gov/files/G-LiHT/PR_17March2017_green_algae/metadata/PR_17March2017_green_algae_metadata.pdf",23,0.724
"PR_22April2018_FIA1",2018-04-22,2018,4,"FIA1",FALSE,TRUE,"2018_post","https://glihtdata.gsfc.nasa.gov/files/G-LiHT/PR_22April2018_FIA1/",15,3.292,"lXsY",TRUE,TRUE,44,TRUE,"https://glihtdata.gsfc.nasa.gov/files/G-LiHT/PR_22April2018_FIA1/metadata/PR_22April2018_FIA1_metadata.pdf",26,3.92
"PR_22April2018_FIA14",2018-04-22,2018,4,"FIA14",FALSE,TRUE,"2018_post","https://glihtdata.gsfc.nasa.gov/files/G-LiHT/PR_22April2018_FIA14/",8,1.665,"lXsY",TRUE,TRUE,19,TRUE,"https://glihtdata.gsfc.nasa.gov/files/G-LiHT/PR_22April2018_FIA14/metadata/PR_22April2018_FIA14_metadata.pdf",19,2.024
"PR_22April2018_FIA15",2018-04-22,2018,4,"FIA15",FALSE,TRUE,"2018_post","https://glihtdata.gsfc.nasa.gov/files/G-LiHT/PR_22April2018_FIA15/",15,3.981,"lXsY",TRUE,TRUE,55,TRUE,"https://glihtdata.gsfc.nasa.gov/files/G-LiHT/PR_22April2018_FIA15/metadata/PR_22April2018_FIA15_metadata.pdf",26,4.79
"PR_22April2018_FIA17",2018-04-22,2018,4,"FIA17",FALSE,TRUE,"2018_post","https://glihtdata.gsfc.nasa.gov/files/G-LiHT/PR_22April2018_FIA17/",13,3.7,"lXsY",TRUE,TRUE,58,TRUE,"https://glihtdata.gsfc.nasa.gov/files/G-LiHT/PR_22April2018_FIA17/metadata/PR_22April2018_FIA17_metadata.pdf",24,4.421
"PR_22April2018_FIA2",2018-04-22,2018,4,"FIA2",FALSE,TRUE,"2018_post","https://glihtdata.gsfc.nasa.gov/files/G-LiHT/PR_22April2018_FIA2/",19,5.15,"lXsY",TRUE,TRUE,81,TRUE,"https://glihtdata.gsfc.nasa.gov/files/G-LiHT/PR_22April2018_FIA2/metadata/PR_22April2018_FIA2_metadata.pdf",30,6.077
"PR_22April2018_FIA201",2018-04-22,2018,4,"FIA201",FALSE,TRUE,"2018_post","https://glihtdata.gsfc.nasa.gov/files/G-LiHT/PR_22April2018_FIA201/",13,2.763,"lXsY",TRUE,TRUE,37,TRUE,"https://glihtdata.gsfc.nasa.gov/files/G-LiHT/PR_22April2018_FIA201/metadata/PR_22April2018_FIA201_metadata.pdf",24,3.273
"PR_22April2018_FIA203",2018-04-22,2018,4,"FIA203",FALSE,TRUE,"2018_post","https://glihtdata.gsfc.nasa.gov/files/G-LiHT/PR_22April2018_FIA203/",9,2.327,"lXsY",TRUE,TRUE,29,TRUE,"https://glihtdata.gsfc.nasa.gov/files/G-LiHT/PR_22April2018_FIA203/metadata/PR_22April2018_FIA203_metadata.pdf",20,2.682
"PR_22April2018_FIA211",2018-04-22,2018,4,"FIA211",FALSE,TRUE,"2018_post","https://glihtdata.gsfc.nasa.gov/files/G-LiHT/PR_22April2018_FIA211/",14,3.082,"lXsY",TRUE,TRUE,39,TRUE,"https://glihtdata.gsfc.nasa.gov/files/G-LiHT/PR_22April2018_FIA211/metadata/PR_22April2018_FIA211_metadata.pdf",25,3.688
"PR_22April2018_FIA212",2018-04-22,2018,4,"FIA212",FALSE,TRUE,"2018_post","https://glihtdata.gsfc.nasa.gov/files/G-LiHT/PR_22April2018_FIA212/",13,3.131,"lXsY",TRUE,TRUE,46,TRUE,"https://glihtdata.gsfc.nasa.gov/files/G-LiHT/PR_22April2018_FIA212/metadata/PR_22April2018_FIA212_metadata.pdf",24,3.767
"PR_22April2018_FIA3",2018-04-22,2018,4,"FIA3",FALSE,TRUE,"2018_post","https://glihtdata.gsfc.nasa.gov/files/G-LiHT/PR_22April2018_FIA3/",11,2.896,"lXsY",TRUE,TRUE,33,TRUE,"https://glihtdata.gsfc.nasa.gov/files/G-LiHT/PR_22April2018_FIA3/metadata/PR_22April2018_FIA3_metadata.pdf",22,3.31
"PR_22April2018_FIA37",2018-04-22,2018,4,"FIA37",FALSE,TRUE,"2018_post","https://glihtdata.gsfc.nasa.gov/files/G-LiHT/PR_22April2018_FIA37/",14,1.834,"lXsY",TRUE,TRUE,49,TRUE,"https://glihtdata.gsfc.nasa.gov/files/G-LiHT/PR_22April2018_FIA37/metadata/PR_22April2018_FIA37_metadata.pdf",25,2.489
"PR_22April2018_FIA4",2018-04-22,2018,4,"FIA4",FALSE,TRUE,"2018_post","https://glihtdata.gsfc.nasa.gov/files/G-LiHT/PR_22April2018_FIA4/",13,2.829,"lXsY",TRUE,TRUE,40,TRUE,"https://glihtdata.gsfc.nasa.gov/files/G-LiHT/PR_22April2018_FIA4/metadata/PR_22April2018_FIA4_metadata.pdf",24,3.352
"PR_22April2018_FIA5",2018-04-22,2018,4,"FIA5",FALSE,TRUE,"2018_post","https://glihtdata.gsfc.nasa.gov/files/G-LiHT/PR_22April2018_FIA5/",17,3.628,"lXsY",TRUE,TRUE,46,TRUE,"https://glihtdata.gsfc.nasa.gov/files/G-LiHT/PR_22April2018_FIA5/metadata/PR_22April2018_FIA5_metadata.pdf",28,4.252
"PR_24April2018_BG",2018-04-24,2018,4,"BG",FALSE,TRUE,"2018_post","https://glihtdata.gsfc.nasa.gov/files/G-LiHT/PR_24April2018_BG/",21,4.487,"cXrY",TRUE,TRUE,25,TRUE,"https://glihtdata.gsfc.nasa.gov/files/G-LiHT/PR_24April2018_BG/metadata/PR_24April2018_BG_metadata.pdf",32,4.898
"PR_25April2018_110",2018-04-25,2018,4,"110",FALSE,TRUE,"2018_post","https://glihtdata.gsfc.nasa.gov/files/G-LiHT/PR_25April2018_110/",12,0.938,"lXsY",TRUE,TRUE,25,TRUE,"https://glihtdata.gsfc.nasa.gov/files/G-LiHT/PR_25April2018_110/metadata/PR_25April2018_110_metadata.pdf",23,1.294
"PR_25April2018_113",2018-04-25,2018,4,"113",FALSE,TRUE,"2018_post","https://glihtdata.gsfc.nasa.gov/files/G-LiHT/PR_25April2018_113/",4,0.205,"lXsY",TRUE,TRUE,3.6,TRUE,"https://glihtdata.gsfc.nasa.gov/files/G-LiHT/PR_25April2018_113/metadata/PR_25April2018_113_metadata.pdf",15,0.278
"PR_25April2018_219",2018-04-25,2018,4,"219",FALSE,TRUE,"2018_post","https://glihtdata.gsfc.nasa.gov/files/G-LiHT/PR_25April2018_219/",12,0.849,"lXsY",TRUE,TRUE,18,TRUE,"https://glihtdata.gsfc.nasa.gov/files/G-LiHT/PR_25April2018_219/metadata/PR_25April2018_219_metadata.pdf",23,1.129
"PR_25April2018_220",2018-04-25,2018,4,"220",FALSE,TRUE,"2018_post","https://glihtdata.gsfc.nasa.gov/files/G-LiHT/PR_25April2018_220/",4,0.124,"lXsY",TRUE,TRUE,2.7,TRUE,"https://glihtdata.gsfc.nasa.gov/files/G-LiHT/PR_25April2018_220/metadata/PR_25April2018_220_metadata.pdf",15,0.178
"PR_25April2018_48",2018-04-25,2018,4,"48",FALSE,TRUE,"2018_post","https://glihtdata.gsfc.nasa.gov/files/G-LiHT/PR_25April2018_48/",15,1.136,"lXsY",TRUE,TRUE,21,TRUE,"https://glihtdata.gsfc.nasa.gov/files/G-LiHT/PR_25April2018_48/metadata/PR_25April2018_48_metadata.pdf",26,1.471
"PR_25April2018_49",2018-04-25,2018,4,"49",FALSE,TRUE,"2018_post","https://glihtdata.gsfc.nasa.gov/files/G-LiHT/PR_25April2018_49/",13,0.733,"lXsY",TRUE,TRUE,15,TRUE,"https://glihtdata.gsfc.nasa.gov/files/G-LiHT/PR_25April2018_49/metadata/PR_25April2018_49_metadata.pdf",24,0.99
"PR_25April2018_56",2018-04-25,2018,4,"56",FALSE,TRUE,"2018_post","https://glihtdata.gsfc.nasa.gov/files/G-LiHT/PR_25April2018_56/",5,0.378,"lXsY",TRUE,TRUE,10,TRUE,"https://glihtdata.gsfc.nasa.gov/files/G-LiHT/PR_25April2018_56/metadata/PR_25April2018_56_metadata.pdf",16,0.5
"PR_25April2018_60",2018-04-25,2018,4,"60",FALSE,TRUE,"2018_post","https://glihtdata.gsfc.nasa.gov/files/G-LiHT/PR_25April2018_60/",5,0.267,"lXsY",TRUE,TRUE,6.1,TRUE,"https://glihtdata.gsfc.nasa.gov/files/G-LiHT/PR_25April2018_60/metadata/PR_25April2018_60_metadata.pdf",19,0.335
"PR_25April2018_61_62",2018-04-25,2018,4,"61_62",FALSE,TRUE,"2018_post","https://glihtdata.gsfc.nasa.gov/files/G-LiHT/PR_25April2018_61_62/",4,0.942,"lXsY",TRUE,TRUE,14,TRUE,"https://glihtdata.gsfc.nasa.gov/files/G-LiHT/PR_25April2018_61_62/metadata/PR_25April2018_61_62_metadata.pdf",15,1.094
"PR_25April2018_63_64_70",2018-04-25,2018,4,"63_64_70",FALSE,TRUE,"2018_post","https://glihtdata.gsfc.nasa.gov/files/G-LiHT/PR_25April2018_63_64_70/",3,0.559,"lXsY",TRUE,TRUE,11,TRUE,"https://glihtdata.gsfc.nasa.gov/files/G-LiHT/PR_25April2018_63_64_70/metadata/PR_25April2018_63_64_70_metadata.pdf",14,0.672
"PR_25April2018_65",2018-04-25,2018,4,"65",FALSE,TRUE,"2018_post","https://glihtdata.gsfc.nasa.gov/files/G-LiHT/PR_25April2018_65/",8,0.543,"lXsY",TRUE,TRUE,14,TRUE,"https://glihtdata.gsfc.nasa.gov/files/G-LiHT/PR_25April2018_65/metadata/PR_25April2018_65_metadata.pdf",19,0.703
"PR_25April2018_66",2018-04-25,2018,4,"66",FALSE,TRUE,"2018_post","https://glihtdata.gsfc.nasa.gov/files/G-LiHT/PR_25April2018_66/",7,0.404,"lXsY",TRUE,TRUE,8.8,TRUE,"https://glihtdata.gsfc.nasa.gov/files/G-LiHT/PR_25April2018_66/metadata/PR_25April2018_66_metadata.pdf",18,0.536
"PR_25April2018_67",2018-04-25,2018,4,"67",FALSE,TRUE,"2018_post","https://glihtdata.gsfc.nasa.gov/files/G-LiHT/PR_25April2018_67/",7,0.43,"lXsY",TRUE,TRUE,8.5,TRUE,"https://glihtdata.gsfc.nasa.gov/files/G-LiHT/PR_25April2018_67/metadata/PR_25April2018_67_metadata.pdf",18,0.56
"PR_25April2018_68",2018-04-25,2018,4,"68",FALSE,TRUE,"2018_post","https://glihtdata.gsfc.nasa.gov/files/G-LiHT/PR_25April2018_68/",5,0.355,"lXsY",TRUE,TRUE,10,TRUE,"https://glihtdata.gsfc.nasa.gov/files/G-LiHT/PR_25April2018_68/metadata/PR_25April2018_68_metadata.pdf",16,0.491
"PR_25April2018_69",2018-04-25,2018,4,"69",FALSE,TRUE,"2018_post","https://glihtdata.gsfc.nasa.gov/files/G-LiHT/PR_25April2018_69/",4,0.331,"lXsY",TRUE,TRUE,7.8,TRUE,"https://glihtdata.gsfc.nasa.gov/files/G-LiHT/PR_25April2018_69/metadata/PR_25April2018_69_metadata.pdf",15,0.415
"PR_25April2018_75",2018-04-25,2018,4,"75",FALSE,TRUE,"2018_post","https://glihtdata.gsfc.nasa.gov/files/G-LiHT/PR_25April2018_75/",20,1.602,"lXsY",TRUE,TRUE,38,TRUE,"https://glihtdata.gsfc.nasa.gov/files/G-LiHT/PR_25April2018_75/metadata/PR_25April2018_75_metadata.pdf",31,2.074
"PR_25April2018_EV1",2018-04-25,2018,4,"EV1",FALSE,TRUE,"2018_post","https://glihtdata.gsfc.nasa.gov/files/G-LiHT/PR_25April2018_EV1/",22,4.859,"cXrY",TRUE,TRUE,25,TRUE,"https://glihtdata.gsfc.nasa.gov/files/G-LiHT/PR_25April2018_EV1/metadata/PR_25April2018_EV1_metadata.pdf",33,5.162
"PR_25April2018_EV2",2018-04-25,2018,4,"EV2",FALSE,TRUE,"2018_post","https://glihtdata.gsfc.nasa.gov/files/G-LiHT/PR_25April2018_EV2/",25,3.998,"cXrY",TRUE,TRUE,29,TRUE,"https://glihtdata.gsfc.nasa.gov/files/G-LiHT/PR_25April2018_EV2/metadata/PR_25April2018_EV2_metadata.pdf",36,4.333
"PR_25April2018_FIA221",2018-04-25,2018,4,"FIA221",FALSE,TRUE,"2018_post","https://glihtdata.gsfc.nasa.gov/files/G-LiHT/PR_25April2018_FIA221/",7,1.178,"lXsY",TRUE,TRUE,17,TRUE,"https://glihtdata.gsfc.nasa.gov/files/G-LiHT/PR_25April2018_FIA221/metadata/PR_25April2018_FIA221_metadata.pdf",18,1.413
"PR_25April2018_FIA222",2018-04-25,2018,4,"FIA222",FALSE,TRUE,"2018_post","https://glihtdata.gsfc.nasa.gov/files/G-LiHT/PR_25April2018_FIA222/",9,1.91,"lXsY",TRUE,TRUE,25,TRUE,"https://glihtdata.gsfc.nasa.gov/files/G-LiHT/PR_25April2018_FIA222/metadata/PR_25April2018_FIA222_metadata.pdf",20,2.275
"PR_25April2018_FIA25",2018-04-25,2018,4,"FIA25",FALSE,TRUE,"2018_post","https://glihtdata.gsfc.nasa.gov/files/G-LiHT/PR_25April2018_FIA25/",35,6.777,"lXsY",TRUE,TRUE,93,TRUE,"https://glihtdata.gsfc.nasa.gov/files/G-LiHT/PR_25April2018_FIA25/metadata/PR_25April2018_FIA25_metadata.pdf",46,8.103
"PR_25April2018_FIA27",2018-04-25,2018,4,"FIA27",FALSE,TRUE,"2018_post","https://glihtdata.gsfc.nasa.gov/files/G-LiHT/PR_25April2018_FIA27/",15,3.481,"lXsY",TRUE,TRUE,55,TRUE,"https://glihtdata.gsfc.nasa.gov/files/G-LiHT/PR_25April2018_FIA27/metadata/PR_25April2018_FIA27_metadata.pdf",26,4.174
"PR_25April2018_FIA28",2018-04-25,2018,4,"FIA28",FALSE,TRUE,"2018_post","https://glihtdata.gsfc.nasa.gov/files/G-LiHT/PR_25April2018_FIA28/",8,1.733,"lXsY",TRUE,TRUE,23,TRUE,"https://glihtdata.gsfc.nasa.gov/files/G-LiHT/PR_25April2018_FIA28/metadata/PR_25April2018_FIA28_metadata.pdf",19,2.023
"PR_25April2018_FIA31",2018-04-25,2018,4,"FIA31",FALSE,TRUE,"2018_post","https://glihtdata.gsfc.nasa.gov/files/G-LiHT/PR_25April2018_FIA31/",16,2.846,"lXsY",TRUE,TRUE,46,TRUE,"https://glihtdata.gsfc.nasa.gov/files/G-LiHT/PR_25April2018_FIA31/metadata/PR_25April2018_FIA31_metadata.pdf",27,3.479
"PR_25April2018_FIA34",2018-04-25,2018,4,"FIA34",FALSE,TRUE,"2018_post","https://glihtdata.gsfc.nasa.gov/files/G-LiHT/PR_25April2018_FIA34/",6,0.371,"lXsY",TRUE,TRUE,8.8,TRUE,"https://glihtdata.gsfc.nasa.gov/files/G-LiHT/PR_25April2018_FIA34/metadata/PR_25April2018_FIA34_metadata.pdf",17,0.488
"PR_26April2018_114",2018-04-26,2018,4,"114",FALSE,TRUE,"2018_post","https://glihtdata.gsfc.nasa.gov/files/G-LiHT/PR_26April2018_114/",4,0.158,"lXsY",TRUE,TRUE,3.3,TRUE,"https://glihtdata.gsfc.nasa.gov/files/G-LiHT/PR_26April2018_114/metadata/PR_26April2018_114_metadata.pdf",18,0.213
"PR_26April2018_115",2018-04-26,2018,4,"115",FALSE,TRUE,"2018_post","https://glihtdata.gsfc.nasa.gov/files/G-LiHT/PR_26April2018_115/",7,0.24,"lXsY",TRUE,TRUE,5.5,TRUE,"https://glihtdata.gsfc.nasa.gov/files/G-LiHT/PR_26April2018_115/metadata/PR_26April2018_115_metadata.pdf",18,0.343
"PR_26April2018_131",2018-04-26,2018,4,"131",FALSE,TRUE,"2018_post","https://glihtdata.gsfc.nasa.gov/files/G-LiHT/PR_26April2018_131/",0,0,"none",FALSE,FALSE,0,FALSE,"",0,0
"PR_26April2018_210",2018-04-26,2018,4,"210",FALSE,TRUE,"2018_post","https://glihtdata.gsfc.nasa.gov/files/G-LiHT/PR_26April2018_210/",8,0.645,"lXsY",TRUE,TRUE,13,TRUE,"https://glihtdata.gsfc.nasa.gov/files/G-LiHT/PR_26April2018_210/metadata/PR_26April2018_210_metadata.pdf",19,0.827
"PR_26April2018_43",2018-04-26,2018,4,"43",FALSE,TRUE,"2018_post","https://glihtdata.gsfc.nasa.gov/files/G-LiHT/PR_26April2018_43/",10,0.703,"lXsY",TRUE,TRUE,13,TRUE,"https://glihtdata.gsfc.nasa.gov/files/G-LiHT/PR_26April2018_43/metadata/PR_26April2018_43_metadata.pdf",21,0.905
"PR_26April2018_44",2018-04-26,2018,4,"44",FALSE,TRUE,"2018_post","https://glihtdata.gsfc.nasa.gov/files/G-LiHT/PR_26April2018_44/",5,0.498,"lXsY",TRUE,TRUE,7.5,TRUE,"https://glihtdata.gsfc.nasa.gov/files/G-LiHT/PR_26April2018_44/metadata/PR_26April2018_44_metadata.pdf",16,0.613
"PR_26April2018_45",2018-04-26,2018,4,"45",FALSE,TRUE,"2018_post","https://glihtdata.gsfc.nasa.gov/files/G-LiHT/PR_26April2018_45/",7,0.698,"lXsY",TRUE,TRUE,13,TRUE,"https://glihtdata.gsfc.nasa.gov/files/G-LiHT/PR_26April2018_45/metadata/PR_26April2018_45_metadata.pdf",18,0.849
"PR_26April2018_54",2018-04-26,2018,4,"54",FALSE,TRUE,"2018_post","https://glihtdata.gsfc.nasa.gov/files/G-LiHT/PR_26April2018_54/",4,0.24,"lXsY",TRUE,TRUE,3.9,TRUE,"https://glihtdata.gsfc.nasa.gov/files/G-LiHT/PR_26April2018_54/metadata/PR_26April2018_54_metadata.pdf",15,0.308
"PR_26April2018_71",2018-04-26,2018,4,"71",FALSE,TRUE,"2018_post","https://glihtdata.gsfc.nasa.gov/files/G-LiHT/PR_26April2018_71/",3,0.1,"lXsY",TRUE,TRUE,3.1,TRUE,"https://glihtdata.gsfc.nasa.gov/files/G-LiHT/PR_26April2018_71/metadata/PR_26April2018_71_metadata.pdf",14,0.143
"PR_26April2018_80",2018-04-26,2018,4,"80",FALSE,TRUE,"2018_post","https://glihtdata.gsfc.nasa.gov/files/G-LiHT/PR_26April2018_80/",3,0.278,"lXsY",TRUE,TRUE,3.8,TRUE,"https://glihtdata.gsfc.nasa.gov/files/G-LiHT/PR_26April2018_80/metadata/PR_26April2018_80_metadata.pdf",14,0.325
"PR_26April2018_FIA41",2018-04-26,2018,4,"FIA41",FALSE,TRUE,"2018_post","https://glihtdata.gsfc.nasa.gov/files/G-LiHT/PR_26April2018_FIA41/",8,1.947,"lXsY",TRUE,TRUE,21,TRUE,"https://glihtdata.gsfc.nasa.gov/files/G-LiHT/PR_26April2018_FIA41/metadata/PR_26April2018_FIA41_metadata.pdf",19,2.223
"PR_26April2018_FIA9",2018-04-26,2018,4,"FIA9",FALSE,TRUE,"2018_post","https://glihtdata.gsfc.nasa.gov/files/G-LiHT/PR_26April2018_FIA9/",10,1.544,"lXsY",TRUE,TRUE,8.6,TRUE,"https://glihtdata.gsfc.nasa.gov/files/G-LiHT/PR_26April2018_FIA9/metadata/PR_26April2018_FIA9_metadata.pdf",21,1.848
"PR_27April2018_108",2018-04-27,2018,4,"108",FALSE,TRUE,"2018_post","https://glihtdata.gsfc.nasa.gov/files/G-LiHT/PR_27April2018_108/",10,0.543,"lXsY",TRUE,TRUE,12,TRUE,"https://glihtdata.gsfc.nasa.gov/files/G-LiHT/PR_27April2018_108/metadata/PR_27April2018_108_metadata.pdf",21,0.742
"PR_27April2018_109",2018-04-27,2018,4,"109",FALSE,TRUE,"2018_post","https://glihtdata.gsfc.nasa.gov/files/G-LiHT/PR_27April2018_109/",8,0.618,"lXsY",TRUE,TRUE,15,TRUE,"https://glihtdata.gsfc.nasa.gov/files/G-LiHT/PR_27April2018_109/metadata/PR_27April2018_109_metadata.pdf",19,0.832
"PR_27April2018_111",2018-04-27,2018,4,"111",FALSE,TRUE,"2018_post","https://glihtdata.gsfc.nasa.gov/files/G-LiHT/PR_27April2018_111/",8,0.571,"lXsY",TRUE,TRUE,14,TRUE,"https://glihtdata.gsfc.nasa.gov/files/G-LiHT/PR_27April2018_111/metadata/PR_27April2018_111_metadata.pdf",19,0.763
"PR_27April2018_112_196",2018-04-27,2018,4,"112_196",FALSE,TRUE,"2018_post","https://glihtdata.gsfc.nasa.gov/files/G-LiHT/PR_27April2018_112_196/",9,0.6,"lXsY",TRUE,TRUE,13,TRUE,"https://glihtdata.gsfc.nasa.gov/files/G-LiHT/PR_27April2018_112_196/metadata/PR_27April2018_112_196_metadata.pdf",20,0.801
"PR_27April2018_116",2018-04-27,2018,4,"116",FALSE,TRUE,"2018_post","https://glihtdata.gsfc.nasa.gov/files/G-LiHT/PR_27April2018_116/",3,0.189,"lXsY",TRUE,TRUE,3.9,TRUE,"https://glihtdata.gsfc.nasa.gov/files/G-LiHT/PR_27April2018_116/metadata/PR_27April2018_116_metadata.pdf",14,0.255
"PR_27April2018_118",2018-04-27,2018,4,"118",FALSE,TRUE,"2018_post","https://glihtdata.gsfc.nasa.gov/files/G-LiHT/PR_27April2018_118/",8,0.388,"lXsY",TRUE,TRUE,9.9,TRUE,"https://glihtdata.gsfc.nasa.gov/files/G-LiHT/PR_27April2018_118/metadata/PR_27April2018_118_metadata.pdf",19,0.53
"PR_27April2018_119",2018-04-27,2018,4,"119",FALSE,TRUE,"2018_post","https://glihtdata.gsfc.nasa.gov/files/G-LiHT/PR_27April2018_119/",8,0.239,"lXsY",TRUE,TRUE,10,TRUE,"https://glihtdata.gsfc.nasa.gov/files/G-LiHT/PR_27April2018_119/metadata/PR_27April2018_119_metadata.pdf",19,0.38
"PR_27April2018_130",2018-04-27,2018,4,"130",FALSE,TRUE,"2018_post","https://glihtdata.gsfc.nasa.gov/files/G-LiHT/PR_27April2018_130/",8,0.653,"lXsY",TRUE,TRUE,12,TRUE,"https://glihtdata.gsfc.nasa.gov/files/G-LiHT/PR_27April2018_130/metadata/PR_27April2018_130_metadata.pdf",19,0.842
"PR_27April2018_197",2018-04-27,2018,4,"197",FALSE,TRUE,"2018_post","https://glihtdata.gsfc.nasa.gov/files/G-LiHT/PR_27April2018_197/",0,0,"none",FALSE,FALSE,0,FALSE,"",0,0
"PR_27April2018_198",2018-04-27,2018,4,"198",FALSE,TRUE,"2018_post","https://glihtdata.gsfc.nasa.gov/files/G-LiHT/PR_27April2018_198/",0,0,"none",FALSE,FALSE,0,FALSE,"",0,0
"PR_27April2018_199",2018-04-27,2018,4,"199",FALSE,TRUE,"2018_post","https://glihtdata.gsfc.nasa.gov/files/G-LiHT/PR_27April2018_199/",13,0.469,"lXsY",TRUE,TRUE,11,TRUE,"https://glihtdata.gsfc.nasa.gov/files/G-LiHT/PR_27April2018_199/metadata/PR_27April2018_199_metadata.pdf",24,0.669
"PR_27April2018_59",2018-04-27,2018,4,"59",FALSE,TRUE,"2018_post","https://glihtdata.gsfc.nasa.gov/files/G-LiHT/PR_27April2018_59/",18,0.518,"lXsY",TRUE,TRUE,21,TRUE,"https://glihtdata.gsfc.nasa.gov/files/G-LiHT/PR_27April2018_59/metadata/PR_27April2018_59_metadata.pdf",29,0.906
"PR_27April2018_FIA29",2018-04-27,2018,4,"FIA29",FALSE,TRUE,"2018_post","https://glihtdata.gsfc.nasa.gov/files/G-LiHT/PR_27April2018_FIA29/",8,1.854,"lXsY",TRUE,TRUE,27,TRUE,"https://glihtdata.gsfc.nasa.gov/files/G-LiHT/PR_27April2018_FIA29/metadata/PR_27April2018_FIA29_metadata.pdf",19,2.217
"PR_28April2018_117",2018-04-28,2018,4,"117",FALSE,TRUE,"2018_post","https://glihtdata.gsfc.nasa.gov/files/G-LiHT/PR_28April2018_117/",4,0.216,"lXsY",TRUE,TRUE,6,TRUE,"https://glihtdata.gsfc.nasa.gov/files/G-LiHT/PR_28April2018_117/metadata/PR_28April2018_117_metadata.pdf",15,0.298
"PR_28April2018_FIA11",2018-04-28,2018,4,"FIA11",FALSE,TRUE,"2018_post","https://glihtdata.gsfc.nasa.gov/files/G-LiHT/PR_28April2018_FIA11/",34,6.867,"lXsY",TRUE,TRUE,108,TRUE,"https://glihtdata.gsfc.nasa.gov/files/G-LiHT/PR_28April2018_FIA11/metadata/PR_28April2018_FIA11_metadata.pdf",45,8.181
"PR_28April2018_FIA13",2018-04-28,2018,4,"FIA13",FALSE,TRUE,"2018_post","https://glihtdata.gsfc.nasa.gov/files/G-LiHT/PR_28April2018_FIA13/",27,8.111,"lXsY",TRUE,TRUE,131,TRUE,"https://glihtdata.gsfc.nasa.gov/files/G-LiHT/PR_28April2018_FIA13/metadata/PR_28April2018_FIA13_metadata.pdf",38,9.661
"PR_28April2018_FIA16",2018-04-28,2018,4,"FIA16",FALSE,TRUE,"2018_post","https://glihtdata.gsfc.nasa.gov/files/G-LiHT/PR_28April2018_FIA16/",23,5.788,"lXsY",TRUE,TRUE,88,TRUE,"https://glihtdata.gsfc.nasa.gov/files/G-LiHT/PR_28April2018_FIA16/metadata/PR_28April2018_FIA16_metadata.pdf",34,6.902
"PR_28April2018_FIA18",2018-04-28,2018,4,"FIA18",FALSE,TRUE,"2018_post","https://glihtdata.gsfc.nasa.gov/files/G-LiHT/PR_28April2018_FIA18/",34,7.593,"lXsY",TRUE,TRUE,131,TRUE,"https://glihtdata.gsfc.nasa.gov/files/G-LiHT/PR_28April2018_FIA18/metadata/PR_28April2018_FIA18_metadata.pdf",45,9.061
"PR_28April2018_FIA19",2018-04-28,2018,4,"FIA19",FALSE,TRUE,"2018_post","https://glihtdata.gsfc.nasa.gov/files/G-LiHT/PR_28April2018_FIA19/",12,2.492,"lXsY",TRUE,TRUE,44,TRUE,"https://glihtdata.gsfc.nasa.gov/files/G-LiHT/PR_28April2018_FIA19/metadata/PR_28April2018_FIA19_metadata.pdf",23,3.011
"PR_28April2018_FIA20",2018-04-28,2018,4,"FIA20",FALSE,TRUE,"2018_post","https://glihtdata.gsfc.nasa.gov/files/G-LiHT/PR_28April2018_FIA20/",7,1.195,"lXsY",TRUE,TRUE,17,TRUE,"https://glihtdata.gsfc.nasa.gov/files/G-LiHT/PR_28April2018_FIA20/metadata/PR_28April2018_FIA20_metadata.pdf",18,1.386
"PR_28April2018_FIA204",2018-04-28,2018,4,"FIA204",FALSE,TRUE,"2018_post","https://glihtdata.gsfc.nasa.gov/files/G-LiHT/PR_28April2018_FIA204/",31,7.047,"lXsY",TRUE,TRUE,99,TRUE,"https://glihtdata.gsfc.nasa.gov/files/G-LiHT/PR_28April2018_FIA204/metadata/PR_28April2018_FIA204_metadata.pdf",42,8.315
"PR_28April2018_FIA216",2018-04-28,2018,4,"FIA216",FALSE,TRUE,"2018_post","https://glihtdata.gsfc.nasa.gov/files/G-LiHT/PR_28April2018_FIA216/",14,3.049,"lXsY",TRUE,TRUE,49,TRUE,"https://glihtdata.gsfc.nasa.gov/files/G-LiHT/PR_28April2018_FIA216/metadata/PR_28April2018_FIA216_metadata.pdf",25,3.672
"PR_28April2018_FIA23",2018-04-28,2018,4,"FIA23",FALSE,TRUE,"2018_post","https://glihtdata.gsfc.nasa.gov/files/G-LiHT/PR_28April2018_FIA23/",28,0.983,"lXsY",TRUE,TRUE,55,TRUE,"https://glihtdata.gsfc.nasa.gov/files/G-LiHT/PR_28April2018_FIA23/metadata/PR_28April2018_FIA23_metadata.pdf",39,1.648
"PR_28April2018_FIA38",2018-04-28,2018,4,"FIA38",FALSE,TRUE,"2018_post","https://glihtdata.gsfc.nasa.gov/files/G-LiHT/PR_28April2018_FIA38/",11,2.28,"lXsY",TRUE,TRUE,29,TRUE,"https://glihtdata.gsfc.nasa.gov/files/G-LiHT/PR_28April2018_FIA38/metadata/PR_28April2018_FIA38_metadata.pdf",22,2.713
"PR_29April2018_208",2018-04-29,2018,4,"208",FALSE,TRUE,"2018_post","https://glihtdata.gsfc.nasa.gov/files/G-LiHT/PR_29April2018_208/",9,0.669,"lXsY",TRUE,TRUE,14,TRUE,"https://glihtdata.gsfc.nasa.gov/files/G-LiHT/PR_29April2018_208/metadata/PR_29April2018_208_metadata.pdf",20,0.853
"PR_29April2018_209",2018-04-29,2018,4,"209",FALSE,TRUE,"2018_post","https://glihtdata.gsfc.nasa.gov/files/G-LiHT/PR_29April2018_209/",6,0.377,"lXsY",TRUE,TRUE,6.3,TRUE,"https://glihtdata.gsfc.nasa.gov/files/G-LiHT/PR_29April2018_209/metadata/PR_29April2018_209_metadata.pdf",17,0.479
"PR_29April2018_46",2018-04-29,2018,4,"46",FALSE,TRUE,"2018_post","https://glihtdata.gsfc.nasa.gov/files/G-LiHT/PR_29April2018_46/",4,0.406,"lXsY",TRUE,TRUE,11,TRUE,"https://glihtdata.gsfc.nasa.gov/files/G-LiHT/PR_29April2018_46/metadata/PR_29April2018_46_metadata.pdf",15,0.521
"PR_29April2018_47",2018-04-29,2018,4,"47",FALSE,TRUE,"2018_post","https://glihtdata.gsfc.nasa.gov/files/G-LiHT/PR_29April2018_47/",18,1.418,"lXsY",TRUE,TRUE,27,TRUE,"https://glihtdata.gsfc.nasa.gov/files/G-LiHT/PR_29April2018_47/metadata/PR_29April2018_47_metadata.pdf",29,1.827
"PR_29April2018_55",2018-04-29,2018,4,"55",FALSE,TRUE,"2018_post","https://glihtdata.gsfc.nasa.gov/files/G-LiHT/PR_29April2018_55/",3,0.145,"lXsY",TRUE,TRUE,2.7,TRUE,"https://glihtdata.gsfc.nasa.gov/files/G-LiHT/PR_29April2018_55/metadata/PR_29April2018_55_metadata.pdf",14,0.184
"PR_29April2018_57",2018-04-29,2018,4,"57",FALSE,TRUE,"2018_post","https://glihtdata.gsfc.nasa.gov/files/G-LiHT/PR_29April2018_57/",3,0.121,"lXsY",TRUE,TRUE,0.9,TRUE,"https://glihtdata.gsfc.nasa.gov/files/G-LiHT/PR_29April2018_57/metadata/PR_29April2018_57_metadata.pdf",14,0.166
"PR_29April2018_FIA202",2018-04-29,2018,4,"FIA202",FALSE,TRUE,"2018_post","https://glihtdata.gsfc.nasa.gov/files/G-LiHT/PR_29April2018_FIA202/",14,3.377,"lXsY",TRUE,TRUE,46,TRUE,"https://glihtdata.gsfc.nasa.gov/files/G-LiHT/PR_29April2018_FIA202/metadata/PR_29April2018_FIA202_metadata.pdf",25,3.977
"PR_29April2018_FIA205",2018-04-29,2018,4,"FIA205",FALSE,TRUE,"2018_post","https://glihtdata.gsfc.nasa.gov/files/G-LiHT/PR_29April2018_FIA205/",13,2.688,"lXsY",TRUE,TRUE,49,TRUE,"https://glihtdata.gsfc.nasa.gov/files/G-LiHT/PR_29April2018_FIA205/metadata/PR_29April2018_FIA205_metadata.pdf",24,3.268
"PR_29April2018_FIA206",2018-04-29,2018,4,"FIA206",FALSE,TRUE,"2018_post","https://glihtdata.gsfc.nasa.gov/files/G-LiHT/PR_29April2018_FIA206/",15,3.15,"lXsY",TRUE,TRUE,47,TRUE,"https://glihtdata.gsfc.nasa.gov/files/G-LiHT/PR_29April2018_FIA206/metadata/PR_29April2018_FIA206_metadata.pdf",26,3.705
"PR_29April2018_FIA207",2018-04-29,2018,4,"FIA207",FALSE,TRUE,"2018_post","https://glihtdata.gsfc.nasa.gov/files/G-LiHT/PR_29April2018_FIA207/",11,3.038,"lXsY",TRUE,TRUE,43,TRUE,"https://glihtdata.gsfc.nasa.gov/files/G-LiHT/PR_29April2018_FIA207/metadata/PR_29April2018_FIA207_metadata.pdf",22,3.551
"PR_29April2018_FIA21",2018-04-29,2018,4,"FIA21",FALSE,TRUE,"2018_post","https://glihtdata.gsfc.nasa.gov/files/G-LiHT/PR_29April2018_FIA21/",14,2.895,"lXsY",TRUE,TRUE,52,TRUE,"https://glihtdata.gsfc.nasa.gov/files/G-LiHT/PR_29April2018_FIA21/metadata/PR_29April2018_FIA21_metadata.pdf",25,3.529
"PR_29April2018_FIA213",2018-04-29,2018,4,"FIA213",FALSE,TRUE,"2018_post","https://glihtdata.gsfc.nasa.gov/files/G-LiHT/PR_29April2018_FIA213/",15,2.582,"lXsY",TRUE,TRUE,46,TRUE,"https://glihtdata.gsfc.nasa.gov/files/G-LiHT/PR_29April2018_FIA213/metadata/PR_29April2018_FIA213_metadata.pdf",26,3.127
"PR_29April2018_FIA22",2018-04-29,2018,4,"FIA22",FALSE,TRUE,"2018_post","https://glihtdata.gsfc.nasa.gov/files/G-LiHT/PR_29April2018_FIA22/",16,4.247,"lXsY",TRUE,TRUE,52,TRUE,"https://glihtdata.gsfc.nasa.gov/files/G-LiHT/PR_29April2018_FIA22/metadata/PR_29April2018_FIA22_metadata.pdf",27,4.951
"PR_29April2018_FIA6",2018-04-29,2018,4,"FIA6",FALSE,TRUE,"2018_post","https://glihtdata.gsfc.nasa.gov/files/G-LiHT/PR_29April2018_FIA6/",14,2.833,"lXsY",TRUE,TRUE,58,TRUE,"https://glihtdata.gsfc.nasa.gov/files/G-LiHT/PR_29April2018_FIA6/metadata/PR_29April2018_FIA6_metadata.pdf",25,3.494
"PR_29April2018_FIA7",2018-04-29,2018,4,"FIA7",FALSE,TRUE,"2018_post","https://glihtdata.gsfc.nasa.gov/files/G-LiHT/PR_29April2018_FIA7/",16,3.827,"lXsY",TRUE,TRUE,48,TRUE,"https://glihtdata.gsfc.nasa.gov/files/G-LiHT/PR_29April2018_FIA7/metadata/PR_29April2018_FIA7_metadata.pdf",27,4.443
"PR_29April2018_FIA8_10",2018-04-29,2018,4,"FIA8_10",FALSE,TRUE,"2018_post","https://glihtdata.gsfc.nasa.gov/files/G-LiHT/PR_29April2018_FIA8_10/",38,9.896,"lXsY",TRUE,TRUE,118,TRUE,"https://glihtdata.gsfc.nasa.gov/files/G-LiHT/PR_29April2018_FIA8_10/metadata/PR_29April2018_FIA8_10_metadata.pdf",49,11.497
"PR_30April2018_50",2018-04-30,2018,4,"50",FALSE,TRUE,"2018_post","https://glihtdata.gsfc.nasa.gov/files/G-LiHT/PR_30April2018_50/",6,0.477,"lXsY",TRUE,TRUE,12,TRUE,"https://glihtdata.gsfc.nasa.gov/files/G-LiHT/PR_30April2018_50/metadata/PR_30April2018_50_metadata.pdf",17,0.61
"PR_30April2018_51",2018-04-30,2018,4,"51",FALSE,TRUE,"2018_post","https://glihtdata.gsfc.nasa.gov/files/G-LiHT/PR_30April2018_51/",5,0.289,"lXsY",TRUE,TRUE,7.4,TRUE,"https://glihtdata.gsfc.nasa.gov/files/G-LiHT/PR_30April2018_51/metadata/PR_30April2018_51_metadata.pdf",19,0.372
"PR_30April2018_52",2018-04-30,2018,4,"52",FALSE,TRUE,"2018_post","https://glihtdata.gsfc.nasa.gov/files/G-LiHT/PR_30April2018_52/",4,0.288,"lXsY",TRUE,TRUE,5.9,TRUE,"https://glihtdata.gsfc.nasa.gov/files/G-LiHT/PR_30April2018_52/metadata/PR_30April2018_52_metadata.pdf",15,0.351
"PR_30April2018_53",2018-04-30,2018,4,"53",FALSE,TRUE,"2018_post","https://glihtdata.gsfc.nasa.gov/files/G-LiHT/PR_30April2018_53/",3,0.139,"lXsY",TRUE,TRUE,2.3,TRUE,"https://glihtdata.gsfc.nasa.gov/files/G-LiHT/PR_30April2018_53/metadata/PR_30April2018_53_metadata.pdf",14,0.176
"PR_30April2018_58",2018-04-30,2018,4,"58",FALSE,TRUE,"2018_post","https://glihtdata.gsfc.nasa.gov/files/G-LiHT/PR_30April2018_58/",4,0.133,"lXsY",TRUE,TRUE,2.9,TRUE,"https://glihtdata.gsfc.nasa.gov/files/G-LiHT/PR_30April2018_58/metadata/PR_30April2018_58_metadata.pdf",15,0.186
"PR_30April2018_EV3",2018-04-30,2018,4,"EV3",FALSE,TRUE,"2018_post","https://glihtdata.gsfc.nasa.gov/files/G-LiHT/PR_30April2018_EV3/",17,2.315,"cXrY",TRUE,TRUE,16,TRUE,"https://glihtdata.gsfc.nasa.gov/files/G-LiHT/PR_30April2018_EV3/metadata/PR_30April2018_EV3_metadata.pdf",28,2.49
"PR_30April2018_FIA217",2018-04-30,2018,4,"FIA217",FALSE,TRUE,"2018_post","https://glihtdata.gsfc.nasa.gov/files/G-LiHT/PR_30April2018_FIA217/",17,3.615,"lXsY",TRUE,TRUE,49,TRUE,"https://glihtdata.gsfc.nasa.gov/files/G-LiHT/PR_30April2018_FIA217/metadata/PR_30April2018_FIA217_metadata.pdf",28,4.296
"PR_30April2018_FIA218",2018-04-30,2018,4,"FIA218",FALSE,TRUE,"2018_post","https://glihtdata.gsfc.nasa.gov/files/G-LiHT/PR_30April2018_FIA218/",21,4.896,"lXsY",TRUE,TRUE,66,TRUE,"https://glihtdata.gsfc.nasa.gov/files/G-LiHT/PR_30April2018_FIA218/metadata/PR_30April2018_FIA218_metadata.pdf",32,5.811
"PR_30April2018_FIA223",2018-04-30,2018,4,"FIA223",FALSE,TRUE,"2018_post","https://glihtdata.gsfc.nasa.gov/files/G-LiHT/PR_30April2018_FIA223/",13,2.885,"lXsY",TRUE,TRUE,45,TRUE,"https://glihtdata.gsfc.nasa.gov/files/G-LiHT/PR_30April2018_FIA223/metadata/PR_30April2018_FIA223_metadata.pdf",24,3.533
"PR_30April2018_FIA26",2018-04-30,2018,4,"FIA26",FALSE,TRUE,"2018_post","https://glihtdata.gsfc.nasa.gov/files/G-LiHT/PR_30April2018_FIA26/",29,7.535,"lXsY",TRUE,TRUE,130,TRUE,"https://glihtdata.gsfc.nasa.gov/files/G-LiHT/PR_30April2018_FIA26/metadata/PR_30April2018_FIA26_metadata.pdf",40,9.069
"PR_30April2018_FIA30",2018-04-30,2018,4,"FIA30",FALSE,TRUE,"2018_post","https://glihtdata.gsfc.nasa.gov/files/G-LiHT/PR_30April2018_FIA30/",10,1.996,"lXsY",TRUE,TRUE,36,TRUE,"https://glihtdata.gsfc.nasa.gov/files/G-LiHT/PR_30April2018_FIA30/metadata/PR_30April2018_FIA30_metadata.pdf",21,2.386
"PR_30April2018_FIA32",2018-04-30,2018,4,"FIA32",FALSE,TRUE,"2018_post","https://glihtdata.gsfc.nasa.gov/files/G-LiHT/PR_30April2018_FIA32/",10,1.644,"lXsY",TRUE,TRUE,27,TRUE,"https://glihtdata.gsfc.nasa.gov/files/G-LiHT/PR_30April2018_FIA32/metadata/PR_30April2018_FIA32_metadata.pdf",21,1.954
"PR_30April2018_FIA33",2018-04-30,2018,4,"FIA33",FALSE,TRUE,"2018_post","https://glihtdata.gsfc.nasa.gov/files/G-LiHT/PR_30April2018_FIA33/",15,3.815,"lXsY",TRUE,TRUE,63,TRUE,"https://glihtdata.gsfc.nasa.gov/files/G-LiHT/PR_30April2018_FIA33/metadata/PR_30April2018_FIA33_metadata.pdf",26,4.539
"PR_30April2018_FIA34",2018-04-30,2018,4,"FIA34",FALSE,TRUE,"2018_post","https://glihtdata.gsfc.nasa.gov/files/G-LiHT/PR_30April2018_FIA34/",16,2.962,"lXsY",TRUE,TRUE,47,TRUE,"https://glihtdata.gsfc.nasa.gov/files/G-LiHT/PR_30April2018_FIA34/metadata/PR_30April2018_FIA34_metadata.pdf",27,3.561
"PR_30April2018_FIA35",2018-04-30,2018,4,"FIA35",FALSE,TRUE,"2018_post","https://glihtdata.gsfc.nasa.gov/files/G-LiHT/PR_30April2018_FIA35/",16,4.322,"lXsY",TRUE,TRUE,63,TRUE,"https://glihtdata.gsfc.nasa.gov/files/G-LiHT/PR_30April2018_FIA35/metadata/PR_30April2018_FIA35_metadata.pdf",27,5.075
"PR_30April2018_FIA36",2018-04-30,2018,4,"FIA36",FALSE,TRUE,"2018_post","https://glihtdata.gsfc.nasa.gov/files/G-LiHT/PR_30April2018_FIA36/",15,3.017,"lXsY",TRUE,TRUE,53,TRUE,"https://glihtdata.gsfc.nasa.gov/files/G-LiHT/PR_30April2018_FIA36/metadata/PR_30April2018_FIA36_metadata.pdf",26,3.672
"PR_30April2018_FIA39",2018-04-30,2018,4,"FIA39",FALSE,TRUE,"2018_post","https://glihtdata.gsfc.nasa.gov/files/G-LiHT/PR_30April2018_FIA39/",11,2.258,"lXsY",TRUE,TRUE,34,TRUE,"https://glihtdata.gsfc.nasa.gov/files/G-LiHT/PR_30April2018_FIA39/metadata/PR_30April2018_FIA39_metadata.pdf",22,2.663
"PR_2May018_FIA12",2018-05-02,2018,5,"FIA12",FALSE,TRUE,"2018_post","https://glihtdata.gsfc.nasa.gov/files/G-LiHT/PR_2May018_FIA12/",23,5.508,"lXsY",TRUE,TRUE,87,TRUE,"https://glihtdata.gsfc.nasa.gov/files/G-LiHT/PR_2May018_FIA12/metadata/PR_2May018_FIA12_metadata.pdf",37,6.546
"PR_2May018_FIA12_reservoir1",2018-05-02,2018,5,"FIA12_reservoir1",FALSE,TRUE,"2018_post","https://glihtdata.gsfc.nasa.gov/files/G-LiHT/PR_2May018_FIA12_reservoir1/",6,0.413,"lXsY",TRUE,TRUE,11,TRUE,"https://glihtdata.gsfc.nasa.gov/files/G-LiHT/PR_2May018_FIA12_reservoir1/metadata/PR_2May018_FIA12_reservoir1_metadata.pdf",17,0.539
"PR_2May018_FIA12_reservoir2",2018-05-02,2018,5,"FIA12_reservoir2",FALSE,TRUE,"2018_post","https://glihtdata.gsfc.nasa.gov/files/G-LiHT/PR_2May018_FIA12_reservoir2/",6,0.385,"lXsY",TRUE,TRUE,9.3,TRUE,"https://glihtdata.gsfc.nasa.gov/files/G-LiHT/PR_2May018_FIA12_reservoir2/metadata/PR_2May018_FIA12_reservoir2_metadata.pdf",17,0.495
"PR_2May018_FIA12_reservoir3",2018-05-02,2018,5,"FIA12_reservoir3",FALSE,TRUE,"2018_post","https://glihtdata.gsfc.nasa.gov/files/G-LiHT/PR_2May018_FIA12_reservoir3/",20,1.509,"lXsY",TRUE,TRUE,34,TRUE,"https://glihtdata.gsfc.nasa.gov/files/G-LiHT/PR_2May018_FIA12_reservoir3/metadata/PR_2May018_FIA12_reservoir3_metadata.pdf",31,1.927
"PR_2May018_FIA12_reservoir4",2018-05-02,2018,5,"FIA12_reservoir4",FALSE,TRUE,"2018_post","https://glihtdata.gsfc.nasa.gov/files/G-LiHT/PR_2May018_FIA12_reservoir4/",5,0.382,"lXsY",TRUE,TRUE,7.7,TRUE,"https://glihtdata.gsfc.nasa.gov/files/G-LiHT/PR_2May018_FIA12_reservoir4/metadata/PR_2May018_FIA12_reservoir4_metadata.pdf",16,0.472
"PR_2May018_FIA12_reservoir5",2018-05-02,2018,5,"FIA12_reservoir5",FALSE,TRUE,"2018_post","https://glihtdata.gsfc.nasa.gov/files/G-LiHT/PR_2May018_FIA12_reservoir5/",7,0.392,"lXsY",TRUE,TRUE,9.6,TRUE,"https://glihtdata.gsfc.nasa.gov/files/G-LiHT/PR_2May018_FIA12_reservoir5/metadata/PR_2May018_FIA12_reservoir5_metadata.pdf",18,0.504
"PR_2May018_FIA12_reservoir6_north",2018-05-02,2018,5,"FIA12_reservoir6_north",FALSE,TRUE,"2018_post","https://glihtdata.gsfc.nasa.gov/files/G-LiHT/PR_2May018_FIA12_reservoir6_north/",11,0.771,"lXsY",TRUE,TRUE,16,TRUE,"https://glihtdata.gsfc.nasa.gov/files/G-LiHT/PR_2May018_FIA12_reservoir6_north/metadata/PR_2May018_FIA12_reservoir6_north_metadata.pdf",22,0.998
"PR_2May018_FIA12_reservoir6_south",2018-05-02,2018,5,"FIA12_reservoir6_south",FALSE,TRUE,"2018_post","https://glihtdata.gsfc.nasa.gov/files/G-LiHT/PR_2May018_FIA12_reservoir6_south/",7,0.498,"lXsY",TRUE,TRUE,9.6,TRUE,"https://glihtdata.gsfc.nasa.gov/files/G-LiHT/PR_2May018_FIA12_reservoir6_south/metadata/PR_2May018_FIA12_reservoir6_south_metadata.pdf",18,0.634
"PR_2May018_FIA12_reservoir7",2018-05-02,2018,5,"FIA12_reservoir7",FALSE,TRUE,"2018_post","https://glihtdata.gsfc.nasa.gov/files/G-LiHT/PR_2May018_FIA12_reservoir7/",7,0.484,"lXsY",TRUE,TRUE,9.5,TRUE,"https://glihtdata.gsfc.nasa.gov/files/G-LiHT/PR_2May018_FIA12_reservoir7/metadata/PR_2May018_FIA12_reservoir7_metadata.pdf",18,0.612
"PR_2May018_FIA12_reservoir8",2018-05-02,2018,5,"FIA12_reservoir8",FALSE,TRUE,"2018_post","https://glihtdata.gsfc.nasa.gov/files/G-LiHT/PR_2May018_FIA12_reservoir8/",3,0.293,"lXsY",TRUE,TRUE,3.9,TRUE,"https://glihtdata.gsfc.nasa.gov/files/G-LiHT/PR_2May018_FIA12_reservoir8/metadata/PR_2May018_FIA12_reservoir8_metadata.pdf",14,0.366
"PR_2May018_FIA12_reservoir9",2018-05-02,2018,5,"FIA12_reservoir9",FALSE,TRUE,"2018_post","https://glihtdata.gsfc.nasa.gov/files/G-LiHT/PR_2May018_FIA12_reservoir9/",12,0.929,"lXsY",TRUE,TRUE,22,TRUE,"https://glihtdata.gsfc.nasa.gov/files/G-LiHT/PR_2May018_FIA12_reservoir9/metadata/PR_2May018_FIA12_reservoir9_metadata.pdf",23,1.212
"PR_2May018_FIA214",2018-05-02,2018,5,"FIA214",FALSE,TRUE,"2018_post","https://glihtdata.gsfc.nasa.gov/files/G-LiHT/PR_2May018_FIA214/",12,2.769,"lXsY",TRUE,TRUE,43,TRUE,"https://glihtdata.gsfc.nasa.gov/files/G-LiHT/PR_2May018_FIA214/metadata/PR_2May018_FIA214_metadata.pdf",23,3.255
"PR_2May018_FIA215",2018-05-02,2018,5,"FIA215",FALSE,TRUE,"2018_post","https://glihtdata.gsfc.nasa.gov/files/G-LiHT/PR_2May018_FIA215/",15,2.97,"lXsY",TRUE,TRUE,49,TRUE,"https://glihtdata.gsfc.nasa.gov/files/G-LiHT/PR_2May018_FIA215/metadata/PR_2May018_FIA215_metadata.pdf",26,3.534
"PR_2May018_FIA24",2018-05-02,2018,5,"FIA24",FALSE,TRUE,"2018_post","https://glihtdata.gsfc.nasa.gov/files/G-LiHT/PR_2May018_FIA24/",13,3.34,"lXsY",TRUE,TRUE,58,TRUE,"https://glihtdata.gsfc.nasa.gov/files/G-LiHT/PR_2May018_FIA24/metadata/PR_2May018_FIA24_metadata.pdf",24,4.002
"PR_2May018_Rio_Abajo",2018-05-02,2018,5,"Rio_Abajo",FALSE,TRUE,"2018_post","https://glihtdata.gsfc.nasa.gov/files/G-LiHT/PR_2May018_Rio_Abajo/",35,8.452,"cXrY",TRUE,TRUE,52,TRUE,"https://glihtdata.gsfc.nasa.gov/files/G-LiHT/PR_2May018_Rio_Abajo/metadata/PR_2May018_Rio_Abajo_metadata.pdf",46,9.053
"PR_15March2020_66",2020-03-15,2020,3,"66",FALSE,TRUE,"2020_recovery","https://glihtdata.gsfc.nasa.gov/files/G-LiHT/PR_15March2020_66/",6,0.361,"lXsY",TRUE,TRUE,7,TRUE,"https://glihtdata.gsfc.nasa.gov/files/G-LiHT/PR_15March2020_66/metadata/PR_15March2020_66_metadata.pdf",20,0.456
"PR_15March2020_67",2020-03-15,2020,3,"67",FALSE,TRUE,"2020_recovery","https://glihtdata.gsfc.nasa.gov/files/G-LiHT/PR_15March2020_67/",6,0.333,"lXsY",TRUE,TRUE,5.9,TRUE,"https://glihtdata.gsfc.nasa.gov/files/G-LiHT/PR_15March2020_67/metadata/PR_15March2020_67_metadata.pdf",20,0.418
"PR_15March2020_68",2020-03-15,2020,3,"68",FALSE,TRUE,"2020_recovery","https://glihtdata.gsfc.nasa.gov/files/G-LiHT/PR_15March2020_68/",6,0.398,"lXsY",TRUE,TRUE,8.5,TRUE,"https://glihtdata.gsfc.nasa.gov/files/G-LiHT/PR_15March2020_68/metadata/PR_15March2020_68_metadata.pdf",20,0.509
"PR_15March2020_EV1",2020-03-15,2020,3,"EV1",FALSE,TRUE,"2020_recovery","https://glihtdata.gsfc.nasa.gov/files/G-LiHT/PR_15March2020_EV1/",16,2.617,"cXrY",TRUE,TRUE,16,TRUE,"https://glihtdata.gsfc.nasa.gov/files/G-LiHT/PR_15March2020_EV1/metadata/PR_15March2020_EV1_metadata.pdf",30,2.804
"PR_15March2020_EV3",2020-03-15,2020,3,"EV3",FALSE,TRUE,"2020_recovery","https://glihtdata.gsfc.nasa.gov/files/G-LiHT/PR_15March2020_EV3/",12,0.577,"cXrY",TRUE,TRUE,7.1,TRUE,"https://glihtdata.gsfc.nasa.gov/files/G-LiHT/PR_15March2020_EV3/metadata/PR_15March2020_EV3_metadata.pdf",26,0.65
"PR_15March2020_FIA1",2020-03-15,2020,3,"FIA1",FALSE,TRUE,"2020_recovery","https://glihtdata.gsfc.nasa.gov/files/G-LiHT/PR_15March2020_FIA1/",14,3.512,"lXsY",TRUE,TRUE,43,TRUE,"https://glihtdata.gsfc.nasa.gov/files/G-LiHT/PR_15March2020_FIA1/metadata/PR_15March2020_FIA1_metadata.pdf",28,4.088
"PR_15March2020_FIA12",2020-03-15,2020,3,"FIA12",FALSE,TRUE,"2020_recovery","https://glihtdata.gsfc.nasa.gov/files/G-LiHT/PR_15March2020_FIA12/",21,4.854,"lXsY",TRUE,TRUE,68,TRUE,"https://glihtdata.gsfc.nasa.gov/files/G-LiHT/PR_15March2020_FIA12/metadata/PR_15March2020_FIA12_metadata.pdf",35,5.645
"PR_15March2020_FIA13",2020-03-15,2020,3,"FIA13",FALSE,TRUE,"2020_recovery","https://glihtdata.gsfc.nasa.gov/files/G-LiHT/PR_15March2020_FIA13/",26,8.512,"lXsY",TRUE,TRUE,124,TRUE,"https://glihtdata.gsfc.nasa.gov/files/G-LiHT/PR_15March2020_FIA13/metadata/PR_15March2020_FIA13_metadata.pdf",40,9.947
"PR_15March2020_FIA14",2020-03-15,2020,3,"FIA14",FALSE,TRUE,"2020_recovery","https://glihtdata.gsfc.nasa.gov/files/G-LiHT/PR_15March2020_FIA14/",8,1.685,"lXsY",TRUE,TRUE,19,TRUE,"https://glihtdata.gsfc.nasa.gov/files/G-LiHT/PR_15March2020_FIA14/metadata/PR_15March2020_FIA14_metadata.pdf",22,2.012
"PR_15March2020_FIA15",2020-03-15,2020,3,"FIA15",FALSE,TRUE,"2020_recovery","https://glihtdata.gsfc.nasa.gov/files/G-LiHT/PR_15March2020_FIA15/",15,4.047,"lXsY",TRUE,TRUE,53,TRUE,"https://glihtdata.gsfc.nasa.gov/files/G-LiHT/PR_15March2020_FIA15/metadata/PR_15March2020_FIA15_metadata.pdf",29,4.812
"PR_15March2020_FIA17",2020-03-15,2020,3,"FIA17",FALSE,TRUE,"2020_recovery","https://glihtdata.gsfc.nasa.gov/files/G-LiHT/PR_15March2020_FIA17/",13,4.002,"lXsY",TRUE,TRUE,55,TRUE,"https://glihtdata.gsfc.nasa.gov/files/G-LiHT/PR_15March2020_FIA17/metadata/PR_15March2020_FIA17_metadata.pdf",27,4.679
"PR_15March2020_FIA201",2020-03-15,2020,3,"FIA201",FALSE,TRUE,"2020_recovery","https://glihtdata.gsfc.nasa.gov/files/G-LiHT/PR_15March2020_FIA201/",11,2.623,"lXsY",TRUE,TRUE,31,TRUE,"https://glihtdata.gsfc.nasa.gov/files/G-LiHT/PR_15March2020_FIA201/metadata/PR_15March2020_FIA201_metadata.pdf",25,3.045
"PR_15March2020_FIA203",2020-03-15,2020,3,"FIA203",FALSE,TRUE,"2020_recovery","https://glihtdata.gsfc.nasa.gov/files/G-LiHT/PR_15March2020_FIA203/",9,2.128,"lXsY",TRUE,TRUE,24,TRUE,"https://glihtdata.gsfc.nasa.gov/files/G-LiHT/PR_15March2020_FIA203/metadata/PR_15March2020_FIA203_metadata.pdf",23,2.422
"PR_15March2020_FIA27",2020-03-15,2020,3,"FIA27",FALSE,TRUE,"2020_recovery","https://glihtdata.gsfc.nasa.gov/files/G-LiHT/PR_15March2020_FIA27/",13,3.326,"lXsY",TRUE,TRUE,48,TRUE,"https://glihtdata.gsfc.nasa.gov/files/G-LiHT/PR_15March2020_FIA27/metadata/PR_15March2020_FIA27_metadata.pdf",27,3.901
"PR_15March2020_FIA28",2020-03-15,2020,3,"FIA28",FALSE,TRUE,"2020_recovery","https://glihtdata.gsfc.nasa.gov/files/G-LiHT/PR_15March2020_FIA28/",9,1.708,"lXsY",TRUE,TRUE,23,TRUE,"https://glihtdata.gsfc.nasa.gov/files/G-LiHT/PR_15March2020_FIA28/metadata/PR_15March2020_FIA28_metadata.pdf",23,1.987
"PR_15March2020_FIA3",2020-03-15,2020,3,"FIA3",FALSE,TRUE,"2020_recovery","https://glihtdata.gsfc.nasa.gov/files/G-LiHT/PR_15March2020_FIA3/",11,3.081,"lXsY",TRUE,TRUE,31,TRUE,"https://glihtdata.gsfc.nasa.gov/files/G-LiHT/PR_15March2020_FIA3/metadata/PR_15March2020_FIA3_metadata.pdf",25,3.466
"PR_15March2020_FIA37",2020-03-15,2020,3,"FIA37",FALSE,TRUE,"2020_recovery","https://glihtdata.gsfc.nasa.gov/files/G-LiHT/PR_15March2020_FIA37/",14,3.634,"lXsY",TRUE,TRUE,46,TRUE,"https://glihtdata.gsfc.nasa.gov/files/G-LiHT/PR_15March2020_FIA37/metadata/PR_15March2020_FIA37_metadata.pdf",28,4.22
"PR_15March2020_FIA4",2020-03-15,2020,3,"FIA4",FALSE,TRUE,"2020_recovery","https://glihtdata.gsfc.nasa.gov/files/G-LiHT/PR_15March2020_FIA4/",13,3.311,"lXsY",TRUE,TRUE,37,TRUE,"https://glihtdata.gsfc.nasa.gov/files/G-LiHT/PR_15March2020_FIA4/metadata/PR_15March2020_FIA4_metadata.pdf",27,3.792
"PR_15March2020_FIA5",2020-03-15,2020,3,"FIA5",FALSE,TRUE,"2020_recovery","https://glihtdata.gsfc.nasa.gov/files/G-LiHT/PR_15March2020_FIA5/",16,3.325,"lXsY",TRUE,TRUE,43,TRUE,"https://glihtdata.gsfc.nasa.gov/files/G-LiHT/PR_15March2020_FIA5/metadata/PR_15March2020_FIA5_metadata.pdf",30,3.896
"PR_16March2020_FIA211",2020-03-16,2020,3,"FIA211",FALSE,TRUE,"2020_recovery","https://glihtdata.gsfc.nasa.gov/files/G-LiHT/PR_16March2020_FIA211/",14,3.148,"lXsY",TRUE,TRUE,38,TRUE,"https://glihtdata.gsfc.nasa.gov/files/G-LiHT/PR_16March2020_FIA211/metadata/PR_16March2020_FIA211_metadata.pdf",28,3.703
"PR_16March2020_FIA212",2020-03-16,2020,3,"FIA212",FALSE,TRUE,"2020_recovery","https://glihtdata.gsfc.nasa.gov/files/G-LiHT/PR_16March2020_FIA212/",13,3.378,"lXsY",TRUE,TRUE,42,TRUE,"https://glihtdata.gsfc.nasa.gov/files/G-LiHT/PR_16March2020_FIA212/metadata/PR_16March2020_FIA212_metadata.pdf",27,3.943
"PR_April2018_BG_all",NA,2018,4,"BG_all",TRUE,TRUE,"2018_post","https://glihtdata.gsfc.nasa.gov/files/G-LiHT/PR_April2018_BG_all/",0,0,"none",FALSE,FALSE,0,FALSE,"",0,0
"PR_March2020_EV1_all",NA,2020,3,"EV1_all",TRUE,TRUE,"2020_recovery","https://glihtdata.gsfc.nasa.gov/files/G-LiHT/PR_March2020_EV1_all/",16,2.645,"cXrY",TRUE,TRUE,16,TRUE,"https://glihtdata.gsfc.nasa.gov/files/G-LiHT/PR_March2020_EV1_all/metadata/PR_March2020_EV1_all_metadata.pdf",30,2.833
"PR_March2020_EV3_all",NA,2020,3,"EV3_all",TRUE,TRUE,"2020_recovery","https://glihtdata.gsfc.nasa.gov/files/G-LiHT/PR_March2020_EV3_all/",14,0.627,"cXrY",TRUE,TRUE,8.6,TRUE,"https://glihtdata.gsfc.nasa.gov/files/G-LiHT/PR_March2020_EV3_all/metadata/PR_March2020_EV3_all_metadata.pdf",28,0.716
