"campaign","tile_source","las_scheme","n_tiles","area_ha","date","year","epoch","block","is_mosaic"
"PR_1March2017_FIA15","las_strips","lXsY",15,3005.19465879851,2017-03-01,2017,"2017_pre","FIA15",FALSE
"PR_1March2017_FIA16b","las_strips","lXsY",21,2964.5310555411,2017-03-01,2017,"2017_pre","FIA16b",FALSE
"PR_1March2017_FIA17","las_strips","lXsY",13,2627.40367174676,2017-03-01,2017,"2017_pre","FIA17",FALSE
"PR_2March2017_FIA1","las_strips","lXsY",16,1770.05624208644,2017-03-02,2017,"2017_pre","FIA1",FALSE
"PR_2March2017_FIA13","las_strips","lXsY",27,5301.40119067989,2017-03-02,2017,"2017_pre","FIA13",FALSE
"PR_2March2017_FIA14","las_strips","lXsY",8,1253.52494108059,2017-03-02,2017,"2017_pre","FIA14",FALSE
"PR_2March2017_FIA16","las_strips","lXsY",23,3190.79973076543,2017-03-02,2017,"2017_pre","FIA16",FALSE
"PR_2March2017_FIA3_5","las_strips","lXsY",30,2642.67379143704,2017-03-02,2017,"2017_pre","FIA3_5",FALSE
"PR_2March2017_FIA37","las_strips","lXsY",14,2092.42719259872,2017-03-02,2017,"2017_pre","FIA37",FALSE
"PR_2March2017_FIA38","las_strips","lXsY",11,1002.33389736415,2017-03-02,2017,"2017_pre","FIA38",FALSE
"PR_2March2017_FIA4","las_strips","lXsY",14,1287.27721623612,2017-03-02,2017,"2017_pre","FIA4",FALSE
"PR_2March2017_fire","las_strips","lXsY",8,632.927129449907,2017-03-02,2017,"2017_pre","fire",FALSE
"PR_3March2017_BG_am","las_tiles","cXrY",18,1847.5044641386,2017-03-03,2017,"2017_pre","BG_am",FALSE
"PR_3March2017_BG_noon","las_tiles","cXrY",18,1847.5044641386,2017-03-03,2017,"2017_pre","BG_noon",FALSE
"PR_3March2017_BG_pm","las_tiles","cXrY",17,1744.86255763123,2017-03-03,2017,"2017_pre","BG_pm",FALSE
"PR_3March2017_BG_south1","las_strips","lXsY",9,539.5246920683,2017-03-03,2017,"2017_pre","BG_south1",FALSE
"PR_3March2017_BG_south2","las_strips","lXsY",9,592.151332341831,2017-03-03,2017,"2017_pre","BG_south2",FALSE
"PR_3March2017_BG_south3","las_strips","lXsY",8,544.795293420159,2017-03-03,2017,"2017_pre","BG_south3",FALSE
"PR_3March2017_BG_south4","las_strips","lXsY",8,500.054911855648,2017-03-03,2017,"2017_pre","BG_south4",FALSE
"PR_3March2017_BG_south5","las_strips","lXsY",9,542.175049219864,2017-03-03,2017,"2017_pre","BG_south5",FALSE
"PR_3March2017_BG_south6","las_strips","lXsY",8,500.035177300472,2017-03-03,2017,"2017_pre","BG_south6",FALSE
"PR_3March2017_BG_south7","las_strips","lXsY",8,442.163424935494,2017-03-03,2017,"2017_pre","BG_south7",FALSE
"PR_3March2017_BG0_am1","las_strips","lXsY",6,373.700794920437,2017-03-03,2017,"2017_pre","BG0_am1",FALSE
"PR_3March2017_BG0_am2","las_strips","lXsY",6,373.700794920437,2017-03-03,2017,"2017_pre","BG0_am2",FALSE
"PR_3March2017_BG0_noon1","las_strips","lXsY",6,373.700794920437,2017-03-03,2017,"2017_pre","BG0_noon1",FALSE
"PR_3March2017_BG0_noon2","las_strips","lXsY",6,373.700794920437,2017-03-03,2017,"2017_pre","BG0_noon2",FALSE
"PR_3March2017_BG0_noon3","las_strips","lXsY",6,373.700794920437,2017-03-03,2017,"2017_pre","BG0_noon3",FALSE
"PR_3March2017_BG0_pm1","las_strips","lXsY",6,373.700794920437,2017-03-03,2017,"2017_pre","BG0_pm1",FALSE
"PR_3March2017_BG0_pm2","las_strips","lXsY",6,373.700794920437,2017-03-03,2017,"2017_pre","BG0_pm2",FALSE
"PR_5March2017_108","las_strips","lXsY",10,481.697982862565,2017-03-05,2017,"2017_pre","108",FALSE
"PR_5March2017_119a","las_strips","lXsY",10,771.094663339714,2017-03-05,2017,"2017_pre","119a",FALSE
"PR_5March2017_119b","las_strips","lXsY",6,471.093450866695,2017-03-05,2017,"2017_pre","119b",FALSE
"PR_5March2017_130","las_strips","lXsY",9,1118.71593776975,2017-03-05,2017,"2017_pre","130",FALSE
"PR_5March2017_59","las_strips","lXsY",22,1102.92525440709,2017-03-05,2017,"2017_pre","59",FALSE
"PR_5March2017_BG0_am","las_strips","lXsY",6,373.700794920437,2017-03-05,2017,"2017_pre","BG0_am",FALSE
"PR_5March2017_BG0_noon","las_strips","lXsY",6,373.700794920437,2017-03-05,2017,"2017_pre","BG0_noon",FALSE
"PR_5March2017_EV1","las_tiles","cXrY",24,2464.17596353474,2017-03-05,2017,"2017_pre","EV1",FALSE
"PR_5March2017_EV2","las_tiles","cXrY",34,3491.30480985737,2017-03-05,2017,"2017_pre","EV2",FALSE
"PR_5March2017_fort","las_strips","lXsY",3,171.033104747915,2017-03-05,2017,"2017_pre","fort",FALSE
"PR_8March2017_114","las_strips","lXsY",4,241.619599122825,2017-03-08,2017,"2017_pre","114",FALSE
"PR_8March2017_115","las_strips","lXsY",7,425.489547954082,2017-03-08,2017,"2017_pre","115",FALSE
"PR_8March2017_131","las_strips","lXsY",5,543.687913813578,2017-03-08,2017,"2017_pre","131",FALSE
"PR_8March2017_43","las_strips","lXsY",12,848.264922798805,2017-03-08,2017,"2017_pre","43",FALSE
"PR_8March2017_44","las_strips","lXsY",6,625.22958211731,2017-03-08,2017,"2017_pre","44",FALSE
"PR_8March2017_45_46","las_strips","lXsY",13,1605.50910863997,2017-03-08,2017,"2017_pre","45_46",FALSE
"PR_8March2017_54","las_strips","lXsY",4,173.331406548627,2017-03-08,2017,"2017_pre","54",FALSE
"PR_8March2017_55","las_strips","lXsY",3,207.577619042068,2017-03-08,2017,"2017_pre","55",FALSE
"PR_8March2017_71","las_strips","lXsY",3,257.370237800333,2017-03-08,2017,"2017_pre","71",FALSE
"PR_8March2017_80","las_strips","lXsY",4,388.907967290078,2017-03-08,2017,"2017_pre","80",FALSE
"PR_8March2017_extra","las_strips","lXsY",19,1050.67345481214,2017-03-08,2017,"2017_pre","extra",FALSE
"PR_8March2017_FIA22","las_strips","lXsY",22,2564.45381349748,2017-03-08,2017,"2017_pre","FIA22",FALSE
"PR_8March2017_FIA41","las_strips","lXsY",9,717.3354882279,2017-03-08,2017,"2017_pre","FIA41",FALSE
"PR_8March2017_FIA6","las_strips","lXsY",14,2185.78420352729,2017-03-08,2017,"2017_pre","FIA6",FALSE
"PR_8March2017_FIA8_10","las_strips","lXsY",39,3986.92941842144,2017-03-08,2017,"2017_pre","FIA8_10",FALSE
"PR_8March2017_FIA9","las_strips","lXsY",10,735.379010574767,2017-03-08,2017,"2017_pre","FIA9",FALSE
"PR_9March2017_fort","las_strips","lXsY",5,484.169399146101,2017-03-09,2017,"2017_pre","fort",FALSE
"PR_9March2017_harbor","las_strips","lXsY",5,171.046765096784,2017-03-09,2017,"2017_pre","harbor",FALSE
"PR_10March2017_109","las_strips","lXsY",10,1463.17289499767,2017-03-10,2017,"2017_pre","109",FALSE
"PR_10March2017_110","las_strips","lXsY",15,2094.73684122883,2017-03-10,2017,"2017_pre","110",FALSE
"PR_10March2017_111","las_strips","lXsY",8,926.356327735806,2017-03-10,2017,"2017_pre","111",FALSE
"PR_10March2017_116","las_strips","lXsY",4,415.987852264231,2017-03-10,2017,"2017_pre","116",FALSE
"PR_10March2017_117","las_strips","lXsY",5,686.693148226465,2017-03-10,2017,"2017_pre","117",FALSE
"PR_10March2017_118","las_strips","lXsY",8,597.386569606332,2017-03-10,2017,"2017_pre","118",FALSE
"PR_10March2017_59","las_strips","lXsY",10,452.698219322339,2017-03-10,2017,"2017_pre","59",FALSE
"PR_10March2017_FIA31","las_strips","lXsY",20,2120.96132607931,2017-03-10,2017,"2017_pre","FIA31",FALSE
"PR_10March2017_RioGrande","las_strips","lXsY",3,194.82778585206,2017-03-10,2017,"2017_pre","RioGrande",FALSE
"PR_11March2017_BG0_am1","las_strips","lXsY",6,373.700794920437,2017-03-11,2017,"2017_pre","BG0_am1",FALSE
"PR_11March2017_BG0_am2","las_strips","lXsY",6,373.700794920437,2017-03-11,2017,"2017_pre","BG0_am2",FALSE
"PR_11March2017_BG0_am3","las_strips","lXsY",6,373.700794920437,2017-03-11,2017,"2017_pre","BG0_am3",FALSE
"PR_11March2017_BG0_am4","las_strips","lXsY",6,373.700794920437,2017-03-11,2017,"2017_pre","BG0_am4",FALSE
"PR_11March2017_BG0_noon1","las_strips","lXsY",6,373.700794920437,2017-03-11,2017,"2017_pre","BG0_noon1",FALSE
"PR_11March2017_BG0_noon2","las_strips","lXsY",6,373.700794920437,2017-03-11,2017,"2017_pre","BG0_noon2",FALSE
"PR_11March2017_FIA12","las_strips","lXsY",23,2589.27498044359,2017-03-11,2017,"2017_pre","FIA12",FALSE
"PR_11March2017_FIA19","las_strips","lXsY",15,2145.36618507588,2017-03-11,2017,"2017_pre","FIA19",FALSE
"PR_11March2017_FIA23","las_strips","lXsY",28,3500.77055775315,2017-03-11,2017,"2017_pre","FIA23",FALSE
"PR_11March2017_FIA25","las_strips","lXsY",40,3313.26323457414,2017-03-11,2017,"2017_pre","FIA25",FALSE
"PR_11March2017_FIA30","las_strips","lXsY",17,2298.21500343945,2017-03-11,2017,"2017_pre","FIA30",FALSE
"PR_11March2017_mtn_transit","las_strips","lXsY",12,707.75184599725,2017-03-11,2017,"2017_pre","mtn_transit",FALSE
"PR_12March2017_113","las_strips","lXsY",4,218.346470428155,2017-03-12,2017,"2017_pre","113",FALSE
"PR_12March2017_47","las_strips","lXsY",19,1543.54382661448,2017-03-12,2017,"2017_pre","47",FALSE
"PR_12March2017_48","las_strips","lXsY",16,847.293361628103,2017-03-12,2017,"2017_pre","48",FALSE
"PR_12March2017_49","las_strips","lXsY",13,770.951506818218,2017-03-12,2017,"2017_pre","49",FALSE
"PR_12March2017_57","las_strips","lXsY",4,199.871669077425,2017-03-12,2017,"2017_pre","57",FALSE
"PR_12March2017_58a","las_strips","lXsY",4,300.139233348699,2017-03-12,2017,"2017_pre","58a",FALSE
"PR_12March2017_58b","las_strips","lXsY",5,352.796614944363,2017-03-12,2017,"2017_pre","58b",FALSE
"PR_12March2017_66","las_strips","lXsY",7,392.308641993015,2017-03-12,2017,"2017_pre","66",FALSE
"PR_12March2017_67","las_strips","lXsY",7,489.798433359382,2017-03-12,2017,"2017_pre","67",FALSE
"PR_12March2017_68","las_strips","lXsY",7,1019.15006514816,2017-03-12,2017,"2017_pre","68",FALSE
"PR_12March2017_Arroyo","las_strips","lXsY",2,121.0559553049,2017-03-12,2017,"2017_pre","Arroyo",FALSE
"PR_12March2017_FIA18","las_strips","lXsY",35,4227.31883122956,2017-03-12,2017,"2017_pre","FIA18",FALSE
"PR_12March2017_FIA20","las_strips","lXsY",11,846.309493473952,2017-03-12,2017,"2017_pre","FIA20",FALSE
"PR_12March2017_FIA21","las_strips","lXsY",18,2355.42704241187,2017-03-12,2017,"2017_pre","FIA21",FALSE
"PR_12March2017_FIA27","las_strips","lXsY",21,2838.39772697078,2017-03-12,2017,"2017_pre","FIA27",FALSE
"PR_12March2017_FIA29","las_strips","lXsY",8,1453.07099373702,2017-03-12,2017,"2017_pre","FIA29",FALSE
"PR_12March2017_Guayama","las_strips","lXsY",2,147.365781295453,2017-03-12,2017,"2017_pre","Guayama",FALSE
"PR_13March2017_BG0_long_am","las_strips","lXsY",41,2087.18661273669,2017-03-13,2017,"2017_pre","BG0_long_am",FALSE
"PR_13March2017_BG0_long_noon_east","las_strips","lXsY",9,528.986184233756,2017-03-13,2017,"2017_pre","BG0_long_noon_east",FALSE
"PR_13March2017_BG0_long_noon_west","las_strips","lXsY",8,473.652361403484,2017-03-13,2017,"2017_pre","BG0_long_noon_west",FALSE
"PR_13March2017_FIA26","las_strips","lXsY",31,5530.23476576839,2017-03-13,2017,"2017_pre","FIA26",FALSE
"PR_13March2017_FIA27","las_strips","lXsY",18,2622.47873035041,2017-03-13,2017,"2017_pre","FIA27",FALSE
"PR_13March2017_FIA33","las_strips","lXsY",18,2676.73424106789,2017-03-13,2017,"2017_pre","FIA33",FALSE
"PR_13March2017_FIA34","las_strips","lXsY",22,1679.23419220406,2017-03-13,2017,"2017_pre","FIA34",FALSE
"PR_13March2017_FIA35","las_strips","lXsY",20,3567.66412372916,2017-03-13,2017,"2017_pre","FIA35",FALSE
"PR_13March2017_FIA36","las_strips","lXsY",19,1932.11090602755,2017-03-13,2017,"2017_pre","FIA36",FALSE
"PR_13March2017_FIA39","las_strips","lXsY",13,1315.58261994028,2017-03-13,2017,"2017_pre","FIA39",FALSE
"PR_14March2017_50","las_strips","lXsY",9,1199.96452888183,2017-03-14,2017,"2017_pre","50",FALSE
"PR_14March2017_51","las_strips","lXsY",6,457.891674095378,2017-03-14,2017,"2017_pre","51",FALSE
"PR_14March2017_52","las_strips","lXsY",5,400.001842171504,2017-03-14,2017,"2017_pre","52",FALSE
"PR_14March2017_56","las_strips","lXsY",11,1404.86754499618,2017-03-14,2017,"2017_pre","56",FALSE
"PR_14March2017_FIA11","las_strips","lXsY",34,3164.21460833201,2017-03-14,2017,"2017_pre","FIA11",FALSE
"PR_14March2017_FIA18","las_strips","lXsY",28,3235.96408859561,2017-03-14,2017,"2017_pre","FIA18",FALSE
"PR_14March2017_FIA2","las_strips","lXsY",21,3309.34315752125,2017-03-14,2017,"2017_pre","FIA2",FALSE
"PR_14March2017_FIA24","las_strips","lXsY",18,2550.80387932373,2017-03-14,2017,"2017_pre","FIA24",FALSE
"PR_14March2017_FIA6","las_strips","lXsY",14,2185.78420352729,2017-03-14,2017,"2017_pre","FIA6",FALSE
"PR_14March2017_FIA7","las_strips","lXsY",23,1796.67211165573,2017-03-14,2017,"2017_pre","FIA7",FALSE
"PR_15March2017_112_196","las_strips","lXsY",9,494.819205475076,2017-03-15,2017,"2017_pre","112_196",FALSE
"PR_15March2017_53","las_strips","lXsY",4,308.126582080165,2017-03-15,2017,"2017_pre","53",FALSE
"PR_15March2017_61","las_strips","lXsY",5,916.201634637128,2017-03-15,2017,"2017_pre","61",FALSE
"PR_15March2017_63_64_70","las_strips","lXsY",12,2443.2052383673,2017-03-15,2017,"2017_pre","63_64_70",FALSE
"PR_15March2017_65","las_strips","lXsY",10,663.44985297523,2017-03-15,2017,"2017_pre","65",FALSE
"PR_15March2017_69","las_strips","lXsY",6,550.254649581238,2017-03-15,2017,"2017_pre","69",FALSE
"PR_15March2017_75","las_strips","lXsY",21,2167.12493876305,2017-03-15,2017,"2017_pre","75",FALSE
"PR_15March2017_BG_north_noon","las_tiles","cXrY",9,923.760736851136,2017-03-15,2017,"2017_pre","BG_north_noon",FALSE
"PR_15March2017_BG_south_noon","las_tiles","cXrY",12,1231.65643991408,2017-03-15,2017,"2017_pre","BG_south_noon",FALSE
"PR_15March2017_BG0_am1","las_strips","lXsY",6,373.700794920437,2017-03-15,2017,"2017_pre","BG0_am1",FALSE
"PR_15March2017_BG0_am2","las_strips","lXsY",6,373.700794920437,2017-03-15,2017,"2017_pre","BG0_am2",FALSE
"PR_15March2017_BG0_am3","las_strips","lXsY",6,373.700794920437,2017-03-15,2017,"2017_pre","BG0_am3",FALSE
"PR_15March2017_BG0_noon1","las_strips","lXsY",6,373.700794920437,2017-03-15,2017,"2017_pre","BG0_noon1",FALSE
"PR_15March2017_BG0_noon2","las_strips","lXsY",6,373.700794920437,2017-03-15,2017,"2017_pre","BG0_noon2",FALSE
"PR_15March2017_EV1","las_tiles","cXrY",13,1334.75947015215,2017-03-15,2017,"2017_pre","EV1",FALSE
"PR_15March2017_EV1_topfill","las_strips","lXsY",3,439.678387364855,2017-03-15,2017,"2017_pre","EV1_topfill",FALSE
"PR_15March2017_EV2","las_tiles","cXrY",30,3080.54771474428,2017-03-15,2017,"2017_pre","EV2",FALSE
"PR_15March2017_FIA28","las_strips","lXsY",13,997.901585323297,2017-03-15,2017,"2017_pre","FIA28",FALSE
"PR_15March2017_FIA32","las_strips","lXsY",15,1763.13071250667,2017-03-15,2017,"2017_pre","FIA32",FALSE
"PR_17March2017_197","las_strips","lXsY",7,1068.55696197446,2017-03-17,2017,"2017_pre","197",FALSE
"PR_17March2017_198","las_strips","lXsY",11,736.968349936514,2017-03-17,2017,"2017_pre","198",FALSE
"PR_17March2017_199","las_strips","lXsY",21,1221.0145299697,2017-03-17,2017,"2017_pre","199",FALSE
"PR_17March2017_60","las_strips","lXsY",8,589.76264595599,2017-03-17,2017,"2017_pre","60",FALSE
"PR_17March2017_61_62","las_strips","lXsY",7,1226.88776119001,2017-03-17,2017,"2017_pre","61_62",FALSE
"PR_17March2017_BG_north_high_alt","las_strips","lXsY",9,750.028581066415,2017-03-17,2017,"2017_pre","BG_north_high_alt",FALSE
"PR_17March2017_BG_north_low_alt","las_strips","lXsY",10,800.037423051929,2017-03-17,2017,"2017_pre","BG_north_low_alt",FALSE
"PR_17March2017_BG0_high_alt","las_strips","lXsY",6,373.700794920437,2017-03-17,2017,"2017_pre","BG0_high_alt",FALSE
"PR_17March2017_BG0_low_alt","las_strips","lXsY",6,373.700794920437,2017-03-17,2017,"2017_pre","BG0_low_alt",FALSE
"PR_17March2017_EV1_topfill","las_tiles","cXrY",41,4210.01595372347,2017-03-17,2017,"2017_pre","EV1_topfill",FALSE
"PR_17March2017_EV2","las_tiles","cXrY",21,2156.39101995468,2017-03-17,2017,"2017_pre","EV2",FALSE
"PR_17March2017_EV3","las_tiles","cXrY",17,1745.61710353762,2017-03-17,2017,"2017_pre","EV3",FALSE
"PR_17March2017_EV3_bottomfill","las_tiles","cXrY",7,718.785336380142,2017-03-17,2017,"2017_pre","EV3_bottomfill",FALSE
"PR_17March2017_green_algae","las_strips","lXsY",8,757.983133373282,2017-03-17,2017,"2017_pre","green_algae",FALSE
"PR_22April2018_FIA1","las_strips","lXsY",15,1717.52540823347,2018-04-22,2018,"2018_post","FIA1",FALSE
"PR_22April2018_FIA14","las_strips","lXsY",8,1279.80182795616,2018-04-22,2018,"2018_post","FIA14",FALSE
"PR_22April2018_FIA15","las_strips","lXsY",15,3005.19465879851,2018-04-22,2018,"2018_post","FIA15",FALSE
"PR_22April2018_FIA17","las_strips","lXsY",13,2627.40367174676,2018-04-22,2018,"2018_post","FIA17",FALSE
"PR_22April2018_FIA2","las_strips","lXsY",19,3083.45070721673,2018-04-22,2018,"2018_post","FIA2",FALSE
"PR_22April2018_FIA201","las_strips","lXsY",13,1620.65633323964,2018-04-22,2018,"2018_post","FIA201",FALSE
"PR_22April2018_FIA203","las_strips","lXsY",9,809.516266378117,2018-04-22,2018,"2018_post","FIA203",FALSE
"PR_22April2018_FIA211","las_strips","lXsY",14,1827.45110625155,2018-04-22,2018,"2018_post","FIA211",FALSE
"PR_22April2018_FIA212","las_strips","lXsY",13,2117.11563362507,2018-04-22,2018,"2018_post","FIA212",FALSE
"PR_22April2018_FIA3","las_strips","lXsY",11,979.847142622602,2018-04-22,2018,"2018_post","FIA3",FALSE
"PR_22April2018_FIA37","las_strips","lXsY",14,2092.42719259872,2018-04-22,2018,"2018_post","FIA37",FALSE
"PR_22April2018_FIA4","las_strips","lXsY",13,1218.96883162548,2018-04-22,2018,"2018_post","FIA4",FALSE
"PR_22April2018_FIA5","las_strips","lXsY",17,1528.85823620968,2018-04-22,2018,"2018_post","FIA5",FALSE
"PR_24April2018_BG","las_tiles","cXrY",21,2155.41717676522,2018-04-24,2018,"2018_post","BG",FALSE
"PR_25April2018_110","las_strips","lXsY",12,1684.24154958921,2018-04-25,2018,"2018_post","110",FALSE
"PR_25April2018_113","las_strips","lXsY",4,218.346470428155,2018-04-25,2018,"2018_post","113",FALSE
"PR_25April2018_219","las_strips","lXsY",12,1299.28062650053,2018-04-25,2018,"2018_post","219",FALSE
"PR_25April2018_220","las_strips","lXsY",4,213.090037222557,2018-04-25,2018,"2018_post","220",FALSE
"PR_25April2018_48","las_strips","lXsY",15,792.029506495543,2018-04-25,2018,"2018_post","48",FALSE
"PR_25April2018_49","las_strips","lXsY",13,770.951506818218,2018-04-25,2018,"2018_post","49",FALSE
"PR_25April2018_56","las_strips","lXsY",5,710.340856622124,2018-04-25,2018,"2018_post","56",FALSE
"PR_25April2018_60","las_strips","lXsY",5,313.3047488315,2018-04-25,2018,"2018_post","60",FALSE
"PR_25April2018_61_62","las_strips","lXsY",4,781.943510852459,2018-04-25,2018,"2018_post","61_62",FALSE
"PR_25April2018_63_64_70","las_strips","lXsY",3,934.65931451401,2018-04-25,2018,"2018_post","63_64_70",FALSE
"PR_25April2018_65","las_strips","lXsY",8,529.179735276381,2018-04-25,2018,"2018_post","65",FALSE
"PR_25April2018_66","las_strips","lXsY",7,392.308641993015,2018-04-25,2018,"2018_post","66",FALSE
"PR_25April2018_67","las_strips","lXsY",7,489.798433359382,2018-04-25,2018,"2018_post","67",FALSE
"PR_25April2018_68","las_strips","lXsY",5,803.196784144629,2018-04-25,2018,"2018_post","68",FALSE
"PR_25April2018_69","las_strips","lXsY",4,379.130899400294,2018-04-25,2018,"2018_post","69",FALSE
"PR_25April2018_75","las_strips","lXsY",20,2096.01324847876,2018-04-25,2018,"2018_post","75",FALSE
"PR_25April2018_EV1","las_tiles","cXrY",22,2258.84246321329,2018-04-25,2018,"2018_post","EV1",FALSE
"PR_25April2018_EV2","las_tiles","cXrY",25,2567.16618869698,2018-04-25,2018,"2018_post","EV2",FALSE
"PR_25April2018_FIA221","las_strips","lXsY",7,589.511377002288,2018-04-25,2018,"2018_post","FIA221",FALSE
"PR_25April2018_FIA222","las_strips","lXsY",9,858.26580927935,2018-04-25,2018,"2018_post","FIA222",FALSE
"PR_25April2018_FIA25","las_strips","lXsY",35,3010.55730607509,2018-04-25,2018,"2018_post","FIA25",FALSE
"PR_25April2018_FIA27","las_strips","lXsY",15,2277.56361430417,2018-04-25,2018,"2018_post","FIA27",FALSE
"PR_25April2018_FIA28","las_strips","lXsY",8,710.902060318135,2018-04-25,2018,"2018_post","FIA28",FALSE
"PR_25April2018_FIA31","las_strips","lXsY",16,1713.02489972023,2018-04-25,2018,"2018_post","FIA31",FALSE
"PR_25April2018_FIA34","las_strips","lXsY",6,513.294244380112,2018-04-25,2018,"2018_post","FIA34",FALSE
"PR_26April2018_114","las_strips","lXsY",4,241.619599122825,2018-04-26,2018,"2018_post","114",FALSE
"PR_26April2018_115","las_strips","lXsY",7,425.489547954082,2018-04-26,2018,"2018_post","115",FALSE
"PR_26April2018_210","las_strips","lXsY",8,880.134479975008,2018-04-26,2018,"2018_post","210",FALSE
"PR_26April2018_43","las_strips","lXsY",10,714.3296282355,2018-04-26,2018,"2018_post","43",FALSE
"PR_26April2018_44","las_strips","lXsY",5,572.685695951458,2018-04-26,2018,"2018_post","44",FALSE
"PR_26April2018_45","las_strips","lXsY",7,659.499428624515,2018-04-26,2018,"2018_post","45",FALSE
"PR_26April2018_54","las_strips","lXsY",4,173.331406548627,2018-04-26,2018,"2018_post","54",FALSE
"PR_26April2018_71","las_strips","lXsY",3,257.370237800333,2018-04-26,2018,"2018_post","71",FALSE
"PR_26April2018_80","las_strips","lXsY",3,299.565421313994,2018-04-26,2018,"2018_post","80",FALSE
"PR_26April2018_FIA41","las_strips","lXsY",8,688.425935674993,2018-04-26,2018,"2018_post","FIA41",FALSE
"PR_26April2018_FIA9","las_strips","lXsY",10,735.379010574767,2018-04-26,2018,"2018_post","FIA9",FALSE
"PR_27April2018_108","las_strips","lXsY",10,481.697982862565,2018-04-27,2018,"2018_post","108",FALSE
"PR_27April2018_109","las_strips","lXsY",8,1163.1599762878,2018-04-27,2018,"2018_post","109",FALSE
"PR_27April2018_111","las_strips","lXsY",8,926.356327735806,2018-04-27,2018,"2018_post","111",FALSE
"PR_27April2018_112_196","las_strips","lXsY",9,494.819205475076,2018-04-27,2018,"2018_post","112_196",FALSE
"PR_27April2018_116","las_strips","lXsY",3,347.537076023515,2018-04-27,2018,"2018_post","116",FALSE
"PR_27April2018_118","las_strips","lXsY",8,597.386569606332,2018-04-27,2018,"2018_post","118",FALSE
"PR_27April2018_119","las_strips","lXsY",8,626.337242606368,2018-04-27,2018,"2018_post","119",FALSE
"PR_27April2018_130","las_strips","lXsY",8,1058.16571342541,2018-04-27,2018,"2018_post","130",FALSE
"PR_27April2018_199","las_strips","lXsY",13,728.992610534713,2018-04-27,2018,"2018_post","199",FALSE
"PR_27April2018_59","las_strips","lXsY",18,865.990904580525,2018-04-27,2018,"2018_post","59",FALSE
"PR_27April2018_FIA29","las_strips","lXsY",8,1453.07099373702,2018-04-27,2018,"2018_post","FIA29",FALSE
"PR_28April2018_117","las_strips","lXsY",4,563.049185959782,2018-04-28,2018,"2018_post","117",FALSE
"PR_28April2018_FIA11","las_strips","lXsY",34,3164.21460833201,2018-04-28,2018,"2018_post","FIA11",FALSE
"PR_28April2018_FIA13","las_strips","lXsY",27,5301.40119067989,2018-04-28,2018,"2018_post","FIA13",FALSE
"PR_28April2018_FIA16","las_strips","lXsY",23,3190.79973076543,2018-04-28,2018,"2018_post","FIA16",FALSE
"PR_28April2018_FIA18","las_strips","lXsY",34,4156.3610495512,2018-04-28,2018,"2018_post","FIA18",FALSE
"PR_28April2018_FIA19","las_strips","lXsY",12,1835.12909204978,2018-04-28,2018,"2018_post","FIA19",FALSE
"PR_28April2018_FIA20","las_strips","lXsY",7,630.770558585081,2018-04-28,2018,"2018_post","FIA20",FALSE
"PR_28April2018_FIA204","las_strips","lXsY",31,2798.96845577637,2018-04-28,2018,"2018_post","FIA204",FALSE
"PR_28April2018_FIA216","las_strips","lXsY",14,1772.42143776496,2018-04-28,2018,"2018_post","FIA216",FALSE
"PR_28April2018_FIA23","las_strips","lXsY",28,3500.77055775315,2018-04-28,2018,"2018_post","FIA23",FALSE
"PR_28April2018_FIA38","las_strips","lXsY",11,1002.33389736415,2018-04-28,2018,"2018_post","FIA38",FALSE
"PR_29April2018_208","las_strips","lXsY",9,688.568484156998,2018-04-29,2018,"2018_post","208",FALSE
"PR_29April2018_209","las_strips","lXsY",6,294.315623791106,2018-04-29,2018,"2018_post","209",FALSE
"PR_29April2018_46","las_strips","lXsY",4,675.368091462757,2018-04-29,2018,"2018_post","46",FALSE
"PR_29April2018_47","las_strips","lXsY",18,1485.68188909319,2018-04-29,2018,"2018_post","47",FALSE
"PR_29April2018_55","las_strips","lXsY",3,207.577619042068,2018-04-29,2018,"2018_post","55",FALSE
"PR_29April2018_57","las_strips","lXsY",3,152.540249119394,2018-04-29,2018,"2018_post","57",FALSE
"PR_29April2018_FIA202","las_strips","lXsY",14,1494.35412691741,2018-04-29,2018,"2018_post","FIA202",FALSE
"PR_29April2018_FIA205","las_strips","lXsY",13,1863.61431611762,2018-04-29,2018,"2018_post","FIA205",FALSE
"PR_29April2018_FIA206","las_strips","lXsY",15,1481.8536455983,2018-04-29,2018,"2018_post","FIA206",FALSE
"PR_29April2018_FIA207","las_strips","lXsY",11,1576.78642348051,2018-04-29,2018,"2018_post","FIA207",FALSE
"PR_29April2018_FIA21","las_strips","lXsY",14,1929.54886398661,2018-04-29,2018,"2018_post","FIA21",FALSE
"PR_29April2018_FIA213","las_strips","lXsY",15,1514.53087073074,2018-04-29,2018,"2018_post","FIA213",FALSE
"PR_29April2018_FIA22","las_strips","lXsY",16,1973.26135539961,2018-04-29,2018,"2018_post","FIA22",FALSE
"PR_29April2018_FIA6","las_strips","lXsY",14,2185.78420352729,2018-04-29,2018,"2018_post","FIA6",FALSE
"PR_29April2018_FIA7","las_strips","lXsY",16,1394.73273766992,2018-04-29,2018,"2018_post","FIA7",FALSE
"PR_29April2018_FIA8_10","las_strips","lXsY",38,3918.67342010944,2018-04-29,2018,"2018_post","FIA8_10",FALSE
"PR_30April2018_50","las_strips","lXsY",6,797.357620168759,2018-04-30,2018,"2018_post","50",FALSE
"PR_30April2018_51","las_strips","lXsY",5,394.734756338631,2018-04-30,2018,"2018_post","51",FALSE
"PR_30April2018_52","las_strips","lXsY",4,321.050559487309,2018-04-30,2018,"2018_post","52",FALSE
"PR_30April2018_53","las_strips","lXsY",3,218.579122462735,2018-04-30,2018,"2018_post","53",FALSE
"PR_30April2018_58","las_strips","lXsY",4,284.350111540249,2018-04-30,2018,"2018_post","58",FALSE
"PR_30April2018_EV3","las_tiles","cXrY",17,1745.61707267648,2018-04-30,2018,"2018_post","EV3",FALSE
"PR_30April2018_FIA217","las_strips","lXsY",17,1757.07704060677,2018-04-30,2018,"2018_post","FIA217",FALSE
"PR_30April2018_FIA218","las_strips","lXsY",21,2446.98229681983,2018-04-30,2018,"2018_post","FIA218",FALSE
"PR_30April2018_FIA223","las_strips","lXsY",13,2369.31162969105,2018-04-30,2018,"2018_post","FIA223",FALSE
"PR_30April2018_FIA26","las_strips","lXsY",29,5374.9713996577,2018-04-30,2018,"2018_post","FIA26",FALSE
"PR_30April2018_FIA30","las_strips","lXsY",10,1674.32689148572,2018-04-30,2018,"2018_post","FIA30",FALSE
"PR_30April2018_FIA32","las_strips","lXsY",10,1321.05175965258,2018-04-30,2018,"2018_post","FIA32",FALSE
"PR_30April2018_FIA33","las_strips","lXsY",15,2355.64529493137,2018-04-30,2018,"2018_post","FIA33",FALSE
"PR_30April2018_FIA34","las_strips","lXsY",16,1344.97123771446,2018-04-30,2018,"2018_post","FIA34",FALSE
"PR_30April2018_FIA35","las_strips","lXsY",16,3009.85593925315,2018-04-30,2018,"2018_post","FIA35",FALSE
"PR_30April2018_FIA36","las_strips","lXsY",15,1647.83696944575,2018-04-30,2018,"2018_post","FIA36",FALSE
"PR_30April2018_FIA39","las_strips","lXsY",11,1176.13453866373,2018-04-30,2018,"2018_post","FIA39",FALSE
"PR_2May018_FIA12","las_strips","lXsY",23,2589.27498044359,2018-05-02,2018,"2018_post","FIA12",FALSE
"PR_2May018_FIA12_reservoir1","las_strips","lXsY",6,599.354825243496,2018-05-02,2018,"2018_post","FIA12_reservoir1",FALSE
"PR_2May018_FIA12_reservoir2","las_strips","lXsY",6,586.211015460915,2018-05-02,2018,"2018_post","FIA12_reservoir2",FALSE
"PR_2May018_FIA12_reservoir3","las_strips","lXsY",20,1826.9249312354,2018-05-02,2018,"2018_post","FIA12_reservoir3",FALSE
"PR_2May018_FIA12_reservoir4","las_strips","lXsY",5,580.959607476583,2018-05-02,2018,"2018_post","FIA12_reservoir4",FALSE
"PR_2May018_FIA12_reservoir5","las_strips","lXsY",7,365.259602498278,2018-05-02,2018,"2018_post","FIA12_reservoir5",FALSE
"PR_2May018_FIA12_reservoir6_north","las_strips","lXsY",11,845.986061257606,2018-05-02,2018,"2018_post","FIA12_reservoir6_north",FALSE
"PR_2May018_FIA12_reservoir6_south","las_strips","lXsY",7,483.418893887484,2018-05-02,2018,"2018_post","FIA12_reservoir6_south",FALSE
"PR_2May018_FIA12_reservoir7","las_strips","lXsY",7,656.830417342888,2018-05-02,2018,"2018_post","FIA12_reservoir7",FALSE
"PR_2May018_FIA12_reservoir8","las_strips","lXsY",3,417.939985615201,2018-05-02,2018,"2018_post","FIA12_reservoir8",FALSE
"PR_2May018_FIA12_reservoir9","las_strips","lXsY",12,1275.96572280369,2018-05-02,2018,"2018_post","FIA12_reservoir9",FALSE
"PR_2May018_FIA214","las_strips","lXsY",12,1698.62918989383,2018-05-02,2018,"2018_post","FIA214",FALSE
"PR_2May018_FIA215","las_strips","lXsY",15,1538.08214810657,2018-05-02,2018,"2018_post","FIA215",FALSE
"PR_2May018_FIA24","las_strips","lXsY",13,2119.59933299654,2018-05-02,2018,"2018_post","FIA24",FALSE
"PR_2May018_Rio_Abajo","las_tiles","cXrY",35,3587.79398920031,2018-05-02,2018,"2018_post","Rio_Abajo",FALSE
"PR_15March2020_66","las_strips","lXsY",6,337.019114905358,2020-03-15,2020,"2020_recovery","66",FALSE
"PR_15March2020_67","las_strips","lXsY",6,413.436305333901,2020-03-15,2020,"2020_recovery","67",FALSE
"PR_15March2020_68","las_strips","lXsY",6,887.474851755738,2020-03-15,2020,"2020_recovery","68",FALSE
"PR_15March2020_EV1","las_tiles","cXrY",16,1642.79450242394,2020-03-15,2020,"2020_recovery","EV1",FALSE
"PR_15March2020_EV3","las_tiles","cXrY",12,1232.2008101167,2020-03-15,2020,"2020_recovery","EV3",FALSE
"PR_15March2020_FIA1","las_strips","lXsY",14,1630.84701406052,2020-03-15,2020,"2020_recovery","FIA1",FALSE
"PR_15March2020_FIA12","las_strips","lXsY",21,2379.01897729983,2020-03-15,2020,"2020_recovery","FIA12",FALSE
"PR_15March2020_FIA13","las_strips","lXsY",26,5190.98421606451,2020-03-15,2020,"2020_recovery","FIA13",FALSE
"PR_15March2020_FIA14","las_strips","lXsY",8,1279.80182795616,2020-03-15,2020,"2020_recovery","FIA14",FALSE
"PR_15March2020_FIA15","las_strips","lXsY",15,3005.19465879851,2020-03-15,2020,"2020_recovery","FIA15",FALSE
"PR_15March2020_FIA17","las_strips","lXsY",13,2627.40367174676,2020-03-15,2020,"2020_recovery","FIA17",FALSE
"PR_15March2020_FIA201","las_strips","lXsY",11,1449.93910792602,2020-03-15,2020,"2020_recovery","FIA201",FALSE
"PR_15March2020_FIA203","las_strips","lXsY",9,809.516266378117,2020-03-15,2020,"2020_recovery","FIA203",FALSE
"PR_15March2020_FIA27","las_strips","lXsY",13,1964.2349748927,2020-03-15,2020,"2020_recovery","FIA27",FALSE
"PR_15March2020_FIA28","las_strips","lXsY",9,763.564167626223,2020-03-15,2020,"2020_recovery","FIA28",FALSE
"PR_15March2020_FIA3","las_strips","lXsY",11,979.847142622602,2020-03-15,2020,"2020_recovery","FIA3",FALSE
"PR_15March2020_FIA37","las_strips","lXsY",14,2092.42719259872,2020-03-15,2020,"2020_recovery","FIA37",FALSE
"PR_15March2020_FIA4","las_strips","lXsY",13,1218.96883162548,2020-03-15,2020,"2020_recovery","FIA4",FALSE
"PR_15March2020_FIA5","las_strips","lXsY",16,1431.66141094205,2020-03-15,2020,"2020_recovery","FIA5",FALSE
"PR_16March2020_FIA211","las_strips","lXsY",14,1827.45110625155,2020-03-16,2020,"2020_recovery","FIA211",FALSE
"PR_16March2020_FIA212","las_strips","lXsY",13,2117.11563362507,2020-03-16,2020,"2020_recovery","FIA212",FALSE
"PR_March2020_EV1_all","las_tiles","cXrY",16,1642.80263107181,NA,2020,"2020_recovery","EV1_all",TRUE
"PR_March2020_EV3_all","las_tiles","cXrY",14,1437.57564565671,NA,2020,"2020_recovery","EV3_all",TRUE
